COD OFICINA,ACTUAL COD REGION COMERCIAL,NUEVO COD REGION COMERCIAL,ACTUAL COD ZONA COMERCIAL,NUEVO COD ZONA COMERCIAL,ACTUAL NOMBRE REGION COMERCIAL,NUEVO NOMBRE REGION COMERCIAL,ACTUAL NOMBRE ZONA COMERCIAL,NUEVO NOMBRE ZONA COMERCIAL,Actual Nombre oficina,NUEVO NOMBRE OFICINA,NOMBRE GERENCIA/AREA,NOMBRE DISTRITO ACTUAL,NOMBRE NUEVO DISTRITO
0001,42,42,013,002,DIRECCION DISTRITOS ,DIRECCION CAPITAL,GCIA DISTRITO BTA 13,GZ DISTRITOS BTA 2,OFICINA PRINCIPAL   ,No Aplica,,Gcia. Distrito Bogotá 13,Distrito BTA 10
0002,42,42,026,003,DIRECCION DISTRITOS ,DIRECCION CAPITAL,GCIA DISTRITO BTA 26,GZ DISTRITOS BTA 3,ISS - CANN          ,No Aplica,,Gcia. Distrito Bogotá 26,Distrito BTA 22
0005,42,42,002,001,DIRECCION DISTRITOS ,DIRECCION CAPITAL,GCIA DISTRITO BTA 2 ,GZ DISTRITOS BTA 1,S U B A             ,No Aplica,,Gcia. Distrito Bogotá 2,Distrito BTA 3
0006,42,42,001,,DIRECCION DISTRITOS ,DIRECCION CAPITAL, GCIA DISTRITO BTA 1 ,GZ DISTRITOS BTA 1,CEDRITOS            ,No Aplica,,Gcia. Distrito Bogotá 1,Distrito BTA 2
0007,42,42,003,001,DIRECCION DISTRITOS ,DIRECCION CAPITAL, GCIA DISTRITO BTA 3 ,GZ DISTRITOS BTA 1,ANTIGUO COUNTRY     ,No Aplica,,Gcia. Distrito Bogotá 3,Distrito BTA 7
0008,42,42,003,001,DIRECCION DISTRITOS ,DIRECCION CAPITAL, GCIA DISTRITO BTA 3 ,GZ DISTRITOS BTA 1,EL CHICO            ,No Aplica,,Gcia. Distrito Bogotá 3,Distrito BTA 7
0011,08,08,006,004,CENTRAL             ,DIRECCION CENTRAL, SABANA              ,GZ MUNICIPIOS DE CUNDINAMARCA,BACATA FUNZA        ,No Aplica,,-,-
0012,42,42,010,001,DIRECCION DISTRITOS ,DIRECCION CAPITAL, GCIA DISTRITO BTA 10,GZ DISTRITOS BTA 1,PASADENA            ,No Aplica,,Gcia. Distrito Bogotá 10,Distrito BTA 4
0013,06,41,004,009,NORORIENTE          ,DIRECCION ORIENTE,MAGDALENA MEDIO     ,GZ MAGDALENA MEDIO,GALAN               ,No Aplica,,-,Distrito Barrancabermeja
0015,42,,011,002,DIRECCION DISTRITOS ,DIRECCION CAPITAL, GCIA DISTRITO BTA 11,GZ DISTRITOS BTA 2,MALL PLAZA NQS      ,No Aplica,,Gcia. Distrito Bogotá 11,Distrito BTA 12
0016,08,,006,004,CENTRAL             ,DIRECCION CENTRAL,SABANA              ,GZ MUNICIPIOS DE CUNDINAMARCA,COTA                ,No Aplica,,-,-
0019,42,,020,002,DIRECCION DISTRITOS ,DIRECCION CAPITAL, GCIA DISTRITO BTA 20,GZ DISTRITOS BTA 2,BARRIO RESTREPO     ,No Aplica,,Gcia. Distrito Bogotá 20,Distrito BTA 13
0022,42,,016,003,DIRECCION DISTRITOS ,DIRECCION CAPITAL,GCIA DISTRITO BTA 16,GZ DISTRITOS BTA 3,VENECIA             ,No Aplica,,Gcia. Distrito Bogotá 16,Distrito BTA 17
0023,42,,022,003,DIRECCION DISTRITOS ,DIRECCION CAPITAL,GCIA DISTRITO BTA 22,GZ DISTRITOS BTA 3,OF CC NUESTRO BTA,No Aplica,,Gcia. Distrito Bogotá 22,Distrito BTA 22
0024,42,,025,003,DIRECCION DISTRITOS ,DIRECCION CAPITAL,GCIA DISTRITO BTA 25,GZ DISTRITOS BTA 3,OF CC DIV PLZ ALAMOS,No Aplica,,Gcia. Distrito Bogotá 25,Distrito BTA 21
0025,42,,021,003,DIRECCION DISTRITOS ,DIRECCION CAPITAL,GCIA DISTRITO BTA 21,GZ DISTRITOS BTA 3,PLAZA D LAS AMERICAS,No Aplica,,Gcia. Distrito Bogotá 21,Distrito BTA 19
0026,42,,015,002,DIRECCION DISTRITOS ,DIRECCION CAPITAL,GCIA DISTRITO BTA 15,GZ DISTRITOS BTA 2,SANTUARIO 20 D JULIO,No Aplica,,Gcia. Distrito Bogotá 15,Distrito BTA 14
0030,42,,002,001,DIRECCION DISTRITOS ,DIRECCION CAPITAL,GCIA DISTRITO BTA 2 ,GZ DISTRITOS BTA 1,GAITANA             ,No Aplica,,Gcia. Distrito Bogotá 2,Distrito BTA 3
0033,42,,012,002,DIRECCION DISTRITOS ,DIRECCION CAPITAL, GCIA DISTRITO BTA 12,GZ DISTRITOS BTA 2,ANDES               ,No Aplica,,Gcia. Distrito Bogotá 12,Distrito BTA 11
0035,42,,011,002,DIRECCION DISTRITOS ,DIRECCION CAPITAL,GCIA DISTRITO BTA 11,GZ DISTRITOS BTA 2,AVENIDA 19          ,No Aplica,,Gcia. Distrito Bogotá 11,Distrito BTA 10
0036,42,,011,002,DIRECCION DISTRITOS ,DIRECCION CAPITAL,GCIA DISTRITO BTA 11,GZ DISTRITOS BTA 2,CARRERA 10 CALLE 17 ,No Aplica,,Gcia. Distrito Bogotá 11,Distrito BTA 11
0038,42,,009,001,DIRECCION DISTRITOS ,DIRECCION CAPITAL,GCIA DISTRITO BTA 9 ,GZ DISTRITOS BTA 1,AVENIDA CHILE       ,No Aplica,,Gcia. Distrito Bogotá 9,Distrito BTA 8
0039,42,,003,001,DIRECCION DISTRITOS ,DIRECCION CAPITAL, GCIA DISTRITO BTA 3 ,GZ DISTRITOS BTA 1,PARQUE EL VIRREY    ,No Aplica,,Gcia. Distrito Bogotá 3,Distrito BTA 7
0040,42,,008,002,DIRECCION DISTRITOS ,DIRECCION CAPITAL, GCIA DISTRITO BTA 8 ,GZ DISTRITOS BTA 2,CHAPINERO           ,No Aplica,,Gcia. Distrito Bogotá 8,Distrito BTA 9
0043,42,,008,002,DIRECCION DISTRITOS ,DIRECCION CAPITAL, GCIA DISTRITO BTA 08,GZ DISTRITOS BTA 2,UNIV. JAVERIANA     ,No Aplica,,Gcia. Distrito Bogotá 8,Distrito BTA 9
0045,42,,021,003,DIRECCION DISTRITOS ,DIRECCION CAPITAL,GCIA DISTRITO BTA 21,GZ DISTRITOS BTA 3,CENTRAL DE ABASTOS  ,No Aplica,,Gcia. Distrito Bogotá 21,Distrito BTA 19
0046,42,,026,003,DIRECCION DISTRITOS ,DIRECCION CAPITAL,GCIA DISTRITO BTA 26,GZ DISTRITOS BTA 3,CIUDAD SALITRE      ,No Aplica,,Gcia. Distrito Bogotá 26,Distrito BTA 22
0047,42,,004,001,DIRECCION DISTRITOS ,DIRECCION CAPITAL,GCIA DISTRITO BTA 4 ,GZ DISTRITOS BTA 1,UNICENTRO           ,No Aplica,,Gcia. Distrito Bogotá 4,Distrito BTA 6
0049,42,,009,001,DIRECCION DISTRITOS ,DIRECCION CAPITAL, GCIA DISTRITO BTA 9 ,GZ DISTRITOS BTA 1,OFICINA 7-72        ,No Aplica,,Gcia. Distrito Bogotá 9,Distrito BTA 8
0057,42,,014,002,DIRECCION DISTRITOS ,DIRECCION CAPITAL, GCIA DISTRITO BTA 14,GZ DISTRITOS BTA 2,RICAURTE            ,No Aplica,,Gcia. Distrito Bogotá 14,Distrito BTA 12
0059,08,,003,001,CENTRAL             ,DIRECCION CENTRAL,CUNDINAMARCA        ,GZ CUNDINAMARCA SUR,MESITAS DEL COLEGIO ,No Aplica,,-,-
0062,42,,013,002,DIRECCION DISTRITOS ,DIRECCION CAPITAL, GCIA DISTRITO BTA 13,GZ DISTRITOS BTA 2,SAN DIEGO           ,No Aplica,,Gcia. Distrito Bogotá 13,Distrito BTA 10
0066,08,,006,004,CENTRAL             ,DIRECCION CENTRAL,SABANA              ,GZ MUNICIPIOS DE CUNDINAMARCA,PACHO               ,No Aplica,,-,-
0067,08,,006,004,CENTRAL             ,DIRECCION CENTRAL, SABANA              ,GZ MUNICIPIOS DE CUNDINAMARCA,TABIO               ,No Aplica,,-,-
0073,42,,023,003,DIRECCION DISTRITOS ,DIRECCION CAPITAL, GCIA DISTRITO BTA 23,GZ DISTRITOS BTA 3,CC EL EDEN          ,No Aplica,,Gcia. Distrito Bogotá 23,Distrito BTA 20
0075,42,,008,002,DIRECCION DISTRITOS ,DIRECCION CAPITAL,GCIA DISTRITO BTA 8 ,GZ DISTRITOS BTA 2,GALERIAS            ,No Aplica,,Gcia. Distrito Bogotá 8,Distrito BTA 9
0078,42,,007,001,DIRECCION DISTRITOS ,DIRECCION CAPITAL, GCIA DISTRITO BTA 7 ,GZ DISTRITOS BTA 1,METROPOLIS          ,No Aplica,,Gcia. Distrito Bogotá 7,Distrito BTA 5
0079,42,,025,001,DIRECCION DISTRITOS ,DIRECCION CAPITAL, GCIA DISTRITO BTA 25,GZ DISTRITOS BTA 1,LA CLARITA          ,No Aplica,,Gcia. Distrito Bogotá 25,Distrito BTA 5
0081,42,,007,001,DIRECCION DISTRITOS ,DIRECCION CAPITAL,GCIA DISTRITO BTA 7 ,GZ DISTRITOS BTA 1,SIETE DE AGOSTO     ,No Aplica,,Gcia. Distrito Bogotá 7,Distrito BTA 8
0082,42,,007,003,DIRECCION DISTRITOS ,DIRECCION CAPITAL, GCIA DISTRITO BTA 7 ,GZ DISTRITOS BTA 3,AVDA. CALLE 68      ,No Aplica,,Gcia. Distrito Bogotá 7,Distrito BTA 21
0085,42,,006,001,DIRECCION DISTRITOS ,DIRECCION CAPITAL, GCIA DISTRITO BTA 6 ,GZ DISTRITOS BTA 1,CTRO CIAL SANTAFE   ,No Aplica,,Gcia. Distrito Bogotá 6,Distrito BTA 1
0086,42,,010,001,DIRECCION DISTRITOS ,DIRECCION CAPITAL, GCIA DISTRITO BTA 10,GZ DISTRITOS BTA 1,BULEVAR NIZA        ,No Aplica,,Gcia. Distrito Bogotá 10,Distrito BTA 4
0088,06,,005,001,NORORIENTE          ,DIRECCION CARIBE,MAGDALENA-GUAJIRA   ,GZ CESAR MAGDALENA Y GUAJIRA,CC VIVA WAJIRA      ,No Aplica,,-,-
0089,42,,017,003,DIRECCION DISTRITOS ,DIRECCION CAPITAL, GCIA DISTRITO BTA 17,GZ DISTRITOS BTA 3,AUTOPISTA DEL SUR   ,No Aplica,,Gcia. Distrito Bogotá 17,Distrito BTA 18
0091,06,,002,001,NORORIENTE          ,DIRECCION CARIBE,CESAR               ,GZ CESAR MAGDALENA Y GUAJIRA,LOPERENA VALLEDUPAR ,No Aplica,,-,Distrito Valledupar
0092,42,,025,003,DIRECCION DISTRITOS ,DIRECCION CAPITAL, GCIA DISTRITO BTA 25,GZ DISTRITOS BTA 3,FONTIBON            ,No Aplica,,Gcia. Distrito Bogotá 25,Distrito BTA 21
0094,08,,006,004,CENTRAL             ,DIRECCION CENTRAL,SABANA              ,GZ MUNICIPIOS DE CUNDINAMARCA,MOSQUERA            ,No Aplica,,-,-
0095,42,,014,002,DIRECCION DISTRITOS ,DIRECCION CAPITAL, GCIA DISTRITO BTA 14,GZ DISTRITOS BTA 2,LAS AMERICAS        ,No Aplica,,Gcia. Distrito Bogotá 14,Distrito BTA 12
0096,42,06,032,003,DIRECCION DISTRITOS ,DIRECCION CARIBE,G.DISTRITO BQUILLA 1,GZ DISTRITOS B/QUILLA C/GENA Y STA MTA,DISTRITO 90         ,No Aplica,,Gcia. Distrito B/quilla 1,Distrito B/quilla 1
0097,06,,001,003,NORORIENTE          ,DIRECCION CARIBE,BOLIVAR-SAN ANDRES  ,GZ DISTRITOS B/QUILLA C/GENA Y STA MTA,CTRO CCIAL MALL PLAZ,No Aplica,,-,Distrito Cartagena
0103,42,,020,002,DIRECCION DISTRITOS ,DIRECCION CAPITAL, GCIA DISTRITO BTA 20,GZ DISTRITOS BTA 2,CIUDAD MONTES       ,No Aplica,,Gcia. Distrito Bogotá 20,Distrito BTA 13
0104,04,,002,005,ANT-OCC-TOLIMA      ,DIRECCION ANTIOQUIA Y EJE,MUNICIPIOS ANTIOQUIA,GZ VALLE DE SAN NICOLAS Y CHOCO,ABEJORRAL           ,No Aplica,,-,-
0106,42,,013,002,DIRECCION DISTRITOS ,DIRECCION CAPITAL,GCIA DISTRITO BTA 13,GZ DISTRITOS BTA 2,CENTRO INTERNACIONAL,No Aplica,,Gcia. Distrito Bogotá 13,Distrito BTA 9
0107,42,,012,002,DIRECCION DISTRITOS ,DIRECCION CAPITAL,GCIA DISTRITO BTA 12,GZ DISTRITOS BTA 2,GRAN SAN VICTORINO  ,No Aplica,,Gcia. Distrito Bogotá 12,Distrito BTA 11
0111,04,07,003,002,ANT-OCC-TOLIMA      ,DIRECCION OCCIDENTE,NARINO CAUCA        ,GZ NARINO Y CAUCA,SANTANDER DE QUILICH,No Aplica,,-,-
0114,42,04,054,001,DIRECCION DISTRITOS ,DIRECCION ANTIOQUIA Y EJE, G.DISTRITO MDLLIN 8 ,GZ DISTRITOS VALLE DE ABURRA,CENTRAL DE ABASTOS  ,No Aplica,,Gcia. Distrito Medellín 8,Distrito Medellin 6
0116,06,41,004,009,NORORIENTE          ,DIRECCION ORIENTE, MAGDALENA MEDIO     ,GZ MAGDALENA MEDIO,AGUACHICA           ,No Aplica,,-,-
0120,08,,001,005,CENTRAL             ,DIRECCION CENTRAL, BOYACA              ,GZ TERRITORIOS ORIENTE COLOMBIANO,AGUAZUL             ,No Aplica,,-,Distrito Yopal
0121,04,07,003,002,ANT-OCC-TOLIMA      ,DIRECCION OCCIDENTE, NARINO CAUCA        ,GZ NARINO Y CAUCA,PASTO PLAZA         ,No Aplica,,-,Distrito Pasto
0123,42,,019,003,DIRECCION DISTRITOS ,DIRECCION CAPITAL, GCIA DISTRITO BTA 19,GZ DISTRITOS BTA 3,UNISUR              ,No Aplica,,Gcia. Distrito Bogotá 19,Distrito BTA 16
0124,08,,003,001,CENTRAL             ,DIRECCION CENTRAL,CUNDINAMARCA        ,GZ CUNDINAMARCA SUR,ANOLAIMA            ,No Aplica,,-,-
0125,42,06,032,003,DIRECCION DISTRITOS ,DIRECCION CARIBE, G.DISTRITO BQUILLA 1,GZ DISTRITOS B/QUILLA C/GENA Y STA MTA,OF EDF BCO BTA BQUIL,No Aplica,,Gcia. Distrito B/quilla 1,Distrito B/quilla 1
0128,04,,007,003,ANT-OCC-TOLIMA      ,DIRECCION ANTIOQUIA Y EJE,URABA-MPIOS ANTIOQ  ,GZ MUNICIPOS DE ANTIOQUIA,CC NUESTRO URABA    ,No Aplica,,-,Distrito Uraba
0130,42,,014,002,DIRECCION DISTRITOS ,DIRECCION CAPITAL, GCIA DISTRITO BTA 14,GZ DISTRITOS BTA 2,TRINIDAD GALAN      ,No Aplica,,Gcia. Distrito Bogotá 14,Distrito BTA 13
0131,42,,005,001,DIRECCION DISTRITOS ,DIRECCION CAPITAL,GCIA DISTRITO BTA 5 ,GZ DISTRITOS BTA 1,C CIAL PALATINO     ,No Aplica,,Gcia. Distrito Bogotá 5,Distrito BTA 2
0132,42,,021,003,DIRECCION DISTRITOS ,DIRECCION CAPITAL, GCIA DISTRITO BTA 21,GZ DISTRITOS BTA 3,KENNEDY CARAVANA    ,No Aplica,,Gcia. Distrito Bogotá 21,Distrito BTA 19
0134,42,07,045,001,DIRECCION DISTRITOS ,DIRECCION OCCIDENTE,G.DISTRITO CALI 7   ,GZ DISTRITOS CALI,CC LA ESTACION CALI ,No Aplica,,Gcia. Distrito Cali 7,Distrito Cali 6
0135,42,,015,002,DIRECCION DISTRITOS ,DIRECCION CAPITAL, GCIA DISTRITO BTA 15,GZ DISTRITOS BTA 2,LA VICTORIA SUR ORIE,No Aplica,,Gcia. Distrito Bogotá 15,Distrito BTA 14
0136,08,41,001,007,CENTRAL             ,DIRECCION ORIENTE,BOYACA              ,GZ BOYACA,OFICINA BARBOSA     ,No Aplica,,-,-
0137,06,41,006,010,NORORIENTE          ,DIRECCION ORIENTE, NTE SANTAND ARAUCA  ,GZ NORTE DE SANTANDER Y ARAUCA,ARAUCA              ,No Aplica,,-,-
0138,04,,004,002,ANT-OCC-TOLIMA      ,DIRECCION ANTIOQUIA Y EJE, QUINDIO-CHOCO       ,GZ EJE CAFETERO,ARMENIA             ,No Aplica,,-,Distrito Armenia
0140,04,08,006,,ANT-OCC-TOLIMA      ,DIRECCION CENTRAL, TOLIMA              ,GZ TOLIMA,LERIDA              ,No Aplica,,-,-
0142,42,07,039,001,DIRECCION DISTRITOS ,DIRECCION OCCIDENTE, G.DISTRITO CALI 1   ,GZ DISTRITOS CALI,CTRO CIAL JARDIN PLZ,No Aplica,,Gcia. Distrito Cali 1,Distrito Cali 1
0143,42,,016,003,DIRECCION DISTRITOS ,DIRECCION CAPITAL, GCIA DISTRITO BTA 16,GZ DISTRITOS BTA 3,BOSA                ,No Aplica,,Gcia. Distrito Bogotá 16,Distrito BTA 17
0146,42,07,046,001,DIRECCION DISTRITOS ,DIRECCION OCCIDENTE,G.DISTRITO CALI 8   ,GZ DISTRITOS CALI,PQ VERSALLES CALI   ,No Aplica,,Gcia. Distrito Cali 8,Distrito Cali 4
0149,08,41,002,007,CENTRAL             ,DIRECCION ORIENTE, BYCA Y NTE DE CMARCA,GZ BOYACA,VILLAPINZON         ,No Aplica,,-,-
0151,42,06,034,003,DIRECCION DISTRITOS ,DIRECCION CARIBE,G.DISTRITO BQUILLA 3,GZ DISTRITOS B/QUILLA C/GENA Y STA MTA,CENTRO NELMAR       ,No Aplica,,Gcia. Distrito B/quilla 3,Distrito B/quilla 3
0154,42,04,051,001,DIRECCION DISTRITOS ,DIRECCION ANTIOQUIA Y EJE,G.DISTRITO MDLLIN 5 ,GZ DISTRITOS VALLE DE ABURRA,S.ANTONIODELPRADO   ,No Aplica,,Gcia. Distrito Medellín 5,Distrito Medellin 7
0157,42,41,037,008,DIRECCION DISTRITOS ,DIRECCION ORIENTE, G.DISTRITO BMANGA 2 ,GZ BUCARAMANGA,SOTOMAYOR           ,No Aplica,,Gcia. Distrito B/manga 2,Distrito B/manga 2
0161,42,,017,003,DIRECCION DISTRITOS ,DIRECCION CAPITAL, GCIA DISTRITO BTA 17,GZ DISTRITOS BTA 3,CIUDAD TUNAL        ,No Aplica,,Gcia. Distrito Bogotá 17,Distrito BTA 18
0164,42,07,045,001,DIRECCION DISTRITOS ,DIRECCION OCCIDENTE,G.DISTRITO CALI 7   ,GZ DISTRITOS CALI,CTRO CCIAL CALIMA   ,No Aplica,,Gcia. Distrito Cali 7,Distrito Cali 5
0166,42,07,043,001,DIRECCION DISTRITOS ,DIRECCION OCCIDENTE, G.DISTRITO CALI 5   ,GZ DISTRITOS CALI,PARQUE SAN NICOLAS  ,No Aplica,,Gcia. Distrito Cali 5,Distrito Cali 4
0168,06,41,004,009,NORORIENTE          ,DIRECCION ORIENTE, MAGDALENA MEDIO     ,GZ MAGDALENA MEDIO,BARRANCABERMEJA     ,No Aplica,,-,Distrito Barrancabermeja
0170,42,06,034,003,DIRECCION DISTRITOS ,DIRECCION CARIBE, G.DISTRITO BQUILLA 3,GZ DISTRITOS B/QUILLA C/GENA Y STA MTA,BARRANQUILLA        ,No Aplica,,Gcia. Distrito B/quilla 3,Distrito B/quilla 3
0171,42,,020,002,DIRECCION DISTRITOS ,DIRECCION CAPITAL,GCIA DISTRITO BTA 20,GZ DISTRITOS BTA 2,CRR 19 AV PRIM MAYO ,No Aplica,,Gcia. Distrito Bogotá 20,Distrito BTA 13
0173,42,06,033,003,DIRECCION DISTRITOS ,DIRECCION CARIBE,G.DISTRITO BQUILLA 2,GZ DISTRITOS B/QUILLA C/GENA Y STA MTA,BOULEVARD 54        ,No Aplica,,Gcia. Distrito B/quilla 2,Distrito B/quilla 2
0174,42,,015,002,DIRECCION DISTRITOS ,DIRECCION CAPITAL,GCIA DISTRITO BTA 15,GZ DISTRITOS BTA 2,SANTA LUCIA         ,No Aplica,,Gcia. Distrito Bogotá 15,Distrito BTA 14
0178,42,04,047,001,DIRECCION DISTRITOS ,DIRECCION ANTIOQUIA Y EJE,G.DISTRITO MDLLIN 1 ,GZ DISTRITOS VALLE DE ABURRA,BELLO               ,No Aplica,,Gcia. Distrito Medellín 1,Distrito Medellin 1
0180,42,07,043,001,DIRECCION DISTRITOS ,DIRECCION OCCIDENTE, G.DISTRITO CALI 5   ,GZ DISTRITOS CALI,CALI                ,No Aplica,,Gcia. Distrito Cali 5,Distrito Cali 3
0181,04,07,003,002,ANT-OCC-TOLIMA      ,DIRECCION OCCIDENTE, NARINO CAUCA        ,GZ NARINO Y CAUCA,PUERTO TEJADA       ,No Aplica,,-,-
0182,06,,001,003,NORORIENTE          ,DIRECCION CARIBE, BOLIVAR-SAN ANDRES  ,GZ DISTRITOS B/QUILLA C/GENA Y STA MTA,EDF BCO DE BTA BOCAG,No Aplica,,-,Distrito Cartagena
0183,06,,002,001,NORORIENTE          ,DIRECCION CARIBE, CESAR               ,GZ CESAR MAGDALENA Y GUAJIRA,BOSCONIA            ,No Aplica,,-,-
0184,42,41,038,008,DIRECCION DISTRITOS ,DIRECCION ORIENTE, G.DISTRITO BMANGA 3 ,GZ BUCARAMANGA,BUCARAMANGA         ,No Aplica,,Gcia. Distrito B/manga 3,Distrito B/manga 3
0186,04,07,008,004,ANT-OCC-TOLIMA      ,DIRECCION OCCIDENTE, VALLE DEL CAUCA     ,GZ VALLE DEL CAUCA,VISTAMAR BUENAVENTUR,No Aplica,,-,-
0187,42,06,032,003,DIRECCION DISTRITOS ,DIRECCION CARIBE, G.DISTRITO BQUILLA 1,GZ DISTRITOS B/QUILLA C/GENA Y STA MTA,BUENAVISTA          ,No Aplica,,Gcia. Distrito B/quilla 1,Distrito B/quilla 1
0188,04,07,008,004,ANT-OCC-TOLIMA      ,DIRECCION OCCIDENTE,VALLE DEL CAUCA     ,GZ VALLE DEL CAUCA,BUGA                ,No Aplica,,-,Distrito Norte del Valle
0190,04,,004,002,ANT-OCC-TOLIMA      ,DIRECCION ANTIOQUIA Y EJE, QUINDIO-CHOCO       ,GZ EJE CAFETERO,CALARCA             ,No Aplica,,-,Distrito Armenia
0191,42,,024,001,DIRECCION DISTRITOS ,DIRECCION CAPITAL, GCIA DISTRITO BTA 24,GZ DISTRITOS BTA 1,C.C TITAN           ,No Aplica,,Gcia. Distrito Bogotá 24,Distrito BTA 5
0195,37,,006,,DIR BANCA PREMIUM   ,DIRECCION BANCA PREMIUM, PREMIUM NORORIENTE  ,GZ PREMIUM NORORIENTE,OF PREMIUM RUITOQUE ,No Aplica,,,
0197,08,,003,004,CENTRAL             ,DIRECCION CENTRAL,CUNDINAMARCA        ,GZ MUNICIPIOS DE CUNDINAMARCA,CHOACHI             ,No Aplica,,-,-
0198,08,,008,003,CENTRAL             ,DIRECCION CENTRAL, VILLAVICENCIO       ,GZ META,UNICENTRO VILLAVICEN,No Aplica,,-,Distrito Villavicencio 1
0200,08,,008,005,CENTRAL             ,DIRECCION CENTRAL, VILLAVICENCIO       ,GZ TERRITORIOS ORIENTE COLOMBIANO,BASE MIL.SAN JOSE GU,No Aplica,,-,-
0201,08,,007,005,CENTRAL             ,DIRECCION CENTRAL, TERRITORIOS NAC CUND,GZ TERRITORIOS ORIENTE COLOMBIANO,GRAN PLAZA FLORENCIA,No Aplica,,-,Distrito Florencia
0202,08,,007,005,CENTRAL             ,DIRECCION CENTRAL,TERRITORIOS NAC CUND,GZ TERRITORIOS ORIENTE COLOMBIANO,DONCELLO            ,No Aplica,,-,-
0203,42,41,036,008,DIRECCION DISTRITOS ,DIRECCION ORIENTE,G.DISTRITO BMANGA 1 ,GZ BUCARAMANGA,CANAVERAL           ,No Aplica,,Gcia. Distrito B/manga 1,Distrito B/manga 1
0204,06,,001,003,NORORIENTE          ,DIRECCION CARIBE, BOLIVAR-SAN ANDRES  ,GZ DISTRITOS B/QUILLA C/GENA Y STA MTA,CARTAGENA           ,No Aplica,,-,Distrito Cartagena
0206,04,,004,002,ANT-OCC-TOLIMA      ,DIRECCION ANTIOQUIA Y EJE, NUEVO QUINDIO       ,GZ EJE CAFETERO,CARTAGO             ,No Aplica,,-,Distrito Area Metropolitina Pereira
0208,42,,006,001,DIRECCION DISTRITOS ,DIRECCION CAPITAL, GCIA DISTRITO BTA 6 ,GZ DISTRITOS BTA 1,C. C. MAZUREN       ,No Aplica,,Gcia. Distrito Bogotá 6,Distrito BTA 2
0214,42,04,053,001,DIRECCION DISTRITOS ,DIRECCION ANTIOQUIA Y EJE, G.DISTRITO MDLLIN 7 ,GZ DISTRITOS VALLE DE ABURRA,CENTRO COM.SAN DIEGO,No Aplica,,Gcia. Distrito Medellín 7,Distrito Medellin 4
0216,06,,003,002,NORORIENTE          ,DIRECCION CARIBE, CORDOBA-SUCRE       ,GZ CORDOBA Y SUCRE,CERETE              ,No Aplica,,-,Distrito Monteria
0217,42,04,052,001,DIRECCION DISTRITOS ,DIRECCION ANTIOQUIA Y EJE, G.DISTRITO MDLLIN 6 ,GZ DISTRITOS VALLE DE ABURRA,CENTRO COMERC OVIEDO,No Aplica,,Gcia. Distrito Medellín 6,Distrito Medellin 6
0218,04,,005,002,ANT-OCC-TOLIMA      ,DIRECCION ANTIOQUIA Y EJE, RISARALDA-CALDAS    ,GZ EJE CAFETERO,CTRO CIAL CABLE PLAZ,No Aplica,,-,Distrito Manizales
0220,06,,005,003,NORORIENTE          ,DIRECCION CARIBE, MAGDALENA-GUAJIRA   ,GZ DISTRITOS B/QUILLA C/GENA Y STA MTA,CIENAGA             ,No Aplica,,-,Distrito Sta Marta
0221,06,,005,003,NORORIENTE          ,DIRECCION CARIBE, MAGDALENA-GUAJIRA   ,GZ DISTRITOS B/QUILLA C/GENA Y STA MTA,CTRO CIAL BUENAVISTA,No Aplica,,-,Distrito Sta Marta
0224,06,,002,001,NORORIENTE          ,DIRECCION CARIBE, CESAR               ,GZ CESAR MAGDALENA Y GUAJIRA,CODAZZI             ,No Aplica,,-,-
0225,42,04,051,001,DIRECCION DISTRITOS ,DIRECCION ANTIOQUIA Y EJE, G.DISTRITO MDLLIN 7 ,GZ DISTRITOS VALLE DE ABURRA,BOULEVARD MAYORCA   ,No Aplica,,Gcia. Distrito Medellín 5,Distrito Medellin 7
0226,42,07,045,001,DIRECCION DISTRITOS ,DIRECCION OCCIDENTE, G.DISTRITO CALI 7   ,GZ DISTRITOS CALI,CENTRO CCIAL UNICO  ,No Aplica,,Gcia. Distrito Cali 7,Distrito Cali 4
0228,42,,006,001,DIRECCION DISTRITOS ,DIRECCION CAPITAL, GCIA DISTRITO BTA 6 ,GZ DISTRITOS BTA 1,C CIAL PSEO S RAFAEL,No Aplica,,Gcia. Distrito Bogotá 6,Distrito BTA 4
0229,08,,003,001,CENTRAL             ,DIRECCION CENTRAL, CUNDINAMARCA        ,GZ CUNDINAMARCA SUR,GRANADA CUNDINAMARCA,No Aplica,,-,-
0231,08,,003,004,CENTRAL             ,DIRECCION CENTRAL, CUNDINAMARCA        ,GZ CUNDINAMARCA SUR,SOLARES VILLETA     ,No Aplica,,-,-
0232,04,,007,001,ANT-OCC-TOLIMA      ,DIRECCION ANTIOQUIA Y EJE, URABA-MPIOS ANTIOQ  ,GZ DISTRITOS VALLE DE ABURRA,COPACABANA          ,No Aplica,,-,Distrito Medellin 1
0235,06,,005,003,NORORIENTE          ,DIRECCION CARIBE, MAGDALENA-GUAJIRA   ,GZ DISTRITOS B/QUILLA C/GENA Y STA MTA,CTRO CIAL OCEAN MALL,No Aplica,,-,Distrito Sta Marta
0236,42,04,049,001,DIRECCION DISTRITOS ,DIRECCION ANTIOQUIA Y EJE, G.DISTRITO MDLLIN 3 ,GZ DISTRITOS VALLE DE ABURRA,CTR CIAL LOS MOLINOS,No Aplica,,Gcia. Distrito Medellín 3,Distrito Medellin 5
0237,42,,002,001,DIRECCION DISTRITOS ,DIRECCION CAPITAL, GCIA DISTRITO BTA 2 ,GZ DISTRITOS BTA 1,CTRO PLAZA IMPERIAL ,No Aplica,,Gcia. Distrito Bogotá 2,Distrito BTA 3
0238,04,,007,003,ANT-OCC-TOLIMA      ,DIRECCION ANTIOQUIA Y EJE, URABA-MPIOS ANTIOQ  ,GZ MUNICIPOS DE ANTIOQUIA,CTRO CIAL PLAZA RIO ,No Aplica,,-,Distrito Uraba
0239,42,,001,,DIRECCION DISTRITOS ,DIRECCION CAPITAL, GCIA DISTRITO BTA 1 ,GZ DISTRITOS BTA 1,CENTRO CHIA         ,No Aplica,,Gcia. Distrito Bogotá 1,Distrito BTA 1
0240,06,,001,002,NORORIENTE          ,DIRECCION CARIBE, BOLIVAR-SAN ANDRES  ,GZ CORDOBA Y SUCRE,COROZAL             ,No Aplica,,-,Distrito Sincelejo
0244,08,,004,002,CENTRAL             ,DIRECCION CENTRAL, HUILA               ,GZ HUILA,CTRO CIAL SAN PEDRO ,No Aplica,,-,Distrito Neiva
0249,42,07,040,001,DIRECCION DISTRITOS ,DIRECCION OCCIDENTE, G.DISTRITO CALI 2   ,GZ DISTRITOS CALI,COSMOCENTRO         ,No Aplica,,Gcia. Distrito Cali 2,Distrito Cali 2
0250,42,04,053,001,DIRECCION DISTRITOS ,DIRECCION ANTIOQUIA Y EJE, G.DISTRITO MDLLIN 7 ,GZ DISTRITOS VALLE DE ABURRA,CARRERA BOLIVAR     ,No Aplica,,Gcia. Distrito Medellín 7,Distrito Medellin 4
0256,42,07,043,001,DIRECCION DISTRITOS ,DIRECCION OCCIDENTE, G.DISTRITO CALI 5   ,GZ DISTRITOS CALI,BULEVAR DEL RIO CALI,No Aplica,,Gcia. Distrito Cali 5,Distrito Cali 3
0259,06,41,004,009,NORORIENTE          ,DIRECCION ORIENTE, MAGDALENA MEDIO     ,GZ MAGDALENA MEDIO,OFI SABANA DE TORRES,No Aplica,,-,Distrito Barrancabermeja
0260,06,41,006,010,NORORIENTE          ,DIRECCION ORIENTE, NTE SANTAND ARAUCA  ,GZ NORTE DE SANTANDER Y ARAUCA,CUCUTA              ,No Aplica,,-,Distrito Cucuta 1
0261,42,,019,003,DIRECCION DISTRITOS ,DIRECCION CAPITAL, GCIA DISTRITO BTA 19,GZ DISTRITOS BTA 3,C CIAL MERCURIO     ,No Aplica,,Gcia. Distrito Bogotá 19,Distrito BTA 16
0263,08,,007,001,CENTRAL             ,DIRECCION CENTRAL,TERRITORIOS NAC CUND,GZ CUNDINAMARCA SUR,MELGAR              ,No Aplica,,-,-
0264,42,,001,,DIRECCION DISTRITOS ,DIRECCION CAPITAL,GCIA DISTRITO BTA 1 ,GZ DISTRITOS BTA 1,CHIA                ,No Aplica,,Gcia. Distrito Bogotá 1,Distrito BTA 1
0266,04,,005,002,ANT-OCC-TOLIMA      ,DIRECCION ANTIOQUIA Y EJE, RISARALDA-CALDAS    ,GZ EJE CAFETERO,CHINCHINA           ,No Aplica,,-,Distrito Manizales
0267,04,,002,005,ANT-OCC-TOLIMA      ,DIRECCION ANTIOQUIA Y EJE, MUNICIPIOS ANTIOQUIA,GZ VALLE DE SAN NICOLAS Y CHOCO,LA CEJA             ,No Aplica,,-,Distrito Valle de San Nicolas
0268,08,41,002,007,CENTRAL             ,DIRECCION ORIENTE,BYCA Y NTE DE CMARCA,GZ BOYACA,CHIQUINQUIRA        ,No Aplica,,-,-
0269,04,08,006,,ANT-OCC-TOLIMA      ,DIRECCION CENTRAL,TOLIMA              ,GZ TOLIMA,LIBANO              ,No Aplica,,-,-
0270,08,41,002,007,CENTRAL             ,DIRECCION ORIENTE, BYCA Y NTE DE CMARCA,GZ BOYACA,CHOCONTA            ,No Aplica,,-,-
0272,42,,019,003,DIRECCION DISTRITOS ,DIRECCION CAPITAL,GCIA DISTRITO BTA 19,GZ DISTRITOS BTA 3,SOACHA              ,No Aplica,,Gcia. Distrito Bogotá 19,Distrito BTA 16
0274,42,,022,003,DIRECCION DISTRITOS ,DIRECCION CAPITAL,GCIA DISTRITO BTA 22,GZ DISTRITOS BTA 3,C CIAL HAYUELOS     ,No Aplica,,Gcia. Distrito Bogotá 22,Distrito BTA 20
0275,42,,024,001,DIRECCION DISTRITOS ,DIRECCION CAPITAL,GCIA DISTRITO BTA 24,GZ DISTRITOS BTA 1,PORTAL DE LA 80     ,No Aplica,,Gcia. Distrito Bogotá 24,Distrito BTA 5
0279,04,,005,002,ANT-OCC-TOLIMA      ,DIRECCION ANTIOQUIA Y EJE,RISARALDA-CALDAS    ,GZ EJE CAFETERO,DOSQUEBRADAS        ,No Aplica,,-,Distrito Area Metropolitina Pereira
0281,04,,005,002,ANT-OCC-TOLIMA      ,DIRECCION ANTIOQUIA Y EJE, RISARALDA-CALDAS    ,GZ EJE CAFETERO,MALL PLAZA MANIZALEZ,MALL PLAZA MANIZALES,,-,Distrito Manizales
0282,08,41,001,007,CENTRAL             ,DIRECCION ORIENTE, BOYACA              ,GZ BOYACA,DUITAMA             ,No Aplica,,-,-
0283,42,41,038,008,DIRECCION DISTRITOS ,DIRECCION ORIENTE, G.DISTRITO BMANGA 3 ,GZ BUCARAMANGA,SAN FRANCISCO       ,No Aplica,,Gcia. Distrito B/manga 3,Distrito B/manga 3
0284,06,,005,001,NORORIENTE          ,DIRECCION CARIBE, MAGDALENA-GUAJIRA   ,GZ CESAR MAGDALENA Y GUAJIRA,EL BANCO            ,No Aplica,,-,-
0285,04,,002,005,ANT-OCC-TOLIMA      ,DIRECCION ANTIOQUIA Y EJE, MUNICIPIOS ANTIOQUIA,GZ VALLE DE SAN NICOLAS Y CHOCO,EL CARMEN DE VIBORAL,No Aplica,,-,Distrito Valle de San Nicolas
0286,06,,001,002,NORORIENTE          ,DIRECCION CARIBE,BOLIVAR-SAN ANDRES  ,GZ CORDOBA Y SUCRE,EL CARMEN           ,No Aplica,,-,-
0287,04,07,008,004,ANT-OCC-TOLIMA      ,DIRECCION OCCIDENTE, VALLE DEL CAUCA     ,GZ VALLE DEL CAUCA,EL CERRITO          ,No Aplica,,-,Distrito Palmira y Candelaria
0289,04,07,008,004,ANT-OCC-TOLIMA      ,DIRECCION OCCIDENTE, VALLE DEL CAUCA     ,GZ VALLE DEL CAUCA,CANDELARIA          ,No Aplica,,-,Distrito Palmira y Candelaria
0292,42,06,033,003,DIRECCION DISTRITOS ,DIRECCION CARIBE, G.DISTRITO BQUILLA 2,GZ DISTRITOS B/QUILLA C/GENA Y STA MTA,EL PRADO            ,No Aplica,,Gcia. Distrito B/quilla 2,Distrito B/quilla 2
0293,42,06,035,003,DIRECCION DISTRITOS ,DIRECCION CARIBE,G.DISTRITO BQUILLA 4,GZ DISTRITOS B/QUILLA C/GENA Y STA MTA,CTR CIAL PARQ ALEGRA,No Aplica,,Gcia. Distrito B/quilla 4,Distrito B/quilla 4
0294,42,04,053,001,DIRECCION DISTRITOS ,DIRECCION ANTIOQUIA Y EJE,G.DISTRITO MDLLIN 7 ,GZ DISTRITOS VALLE DE ABURRA,ENVIGADO            ,No Aplica,,Gcia. Distrito Medellín 7,Distrito Medellin 6
0295,04,07,008,004,ANT-OCC-TOLIMA      ,DIRECCION OCCIDENTE, VALLE DEL CAUCA     ,GZ VALLE DEL CAUCA,DAGUA               ,No Aplica,,-,-
0296,04,08,006,,ANT-OCC-TOLIMA      ,DIRECCION CENTRAL, TOLIMA              ,GZ TOLIMA,ESPINAL             ,No Aplica,,-,-
0299,42,,026,003,DIRECCION DISTRITOS ,DIRECCION CAPITAL, GCIA DISTRITO BTA 26,GZ DISTRITOS BTA 3,C CIAL GRAN ESTACION,No Aplica,,Gcia. Distrito Bogotá 26,Distrito BTA 22
0303,06,41,006,010,NORORIENTE          ,DIRECCION ORIENTE,NTE SANTAND ARAUCA  ,GZ NORTE DE SANTANDER Y ARAUCA,CUCUTA AV QUINTA    ,No Aplica,,-,Distrito Cucuta 1
0304,08,,003,004,CENTRAL             ,DIRECCION CENTRAL, CUNDINAMARCA        ,GZ MUNICIPIOS DE CUNDINAMARCA,FACATATIVA          ,No Aplica,,-,-
0309,04,08,006,,ANT-OCC-TOLIMA      ,DIRECCION CENTRAL, TOLIMA              ,GZ TOLIMA,LA ESTACION CTR CIAL,No Aplica,,-,Distrito Ibague
0310,42,06,035,003,DIRECCION DISTRITOS ,DIRECCION CARIBE, G.DISTRITO BQUILLA 4,GZ DISTRITOS B/QUILLA C/GENA Y STA MTA,BARANOA             ,No Aplica,,Gcia. Distrito B/quilla 4,Distrito B/quilla 4
0311,06,41,004,009,NORORIENTE          ,DIRECCION ORIENTE,MAGDALENA MEDIO     ,GZ MAGDALENA MEDIO,SAN GIL             ,No Aplica,,-,-
0312,08,,007,005,CENTRAL             ,DIRECCION CENTRAL, TERRITORIOS NAC CUND,GZ TERRITORIOS ORIENTE COLOMBIANO,FLORENCIA           ,No Aplica,,-,Distrito Florencia
0313,04,,005,002,ANT-OCC-TOLIMA      ,DIRECCION ANTIOQUIA Y EJE,RISARALDA-CALDAS    ,GZ EJE CAFETERO,CTRO CIAL FUNDADORES,No Aplica,,-,Distrito Manizales
0314,04,07,008,004,ANT-OCC-TOLIMA      ,DIRECCION OCCIDENTE, VALLE DEL CAUCA     ,GZ VALLE DEL CAUCA,FLORIDA             ,No Aplica,,-,-
0315,06,,003,002,NORORIENTE          ,DIRECCION CARIBE, CORDOBA-SUCRE       ,GZ CORDOBA Y SUCRE,CC ALAMEDAS         ,No Aplica,,-,Distrito Monteria
0316,42,,023,003,DIRECCION DISTRITOS ,DIRECCION CAPITAL, GCIA DISTRITO BTA 23,GZ DISTRITOS BTA 3,C.C. MILENION PLAZA ,No Aplica,,Gcia. Distrito Bogotá 23,Distrito BTA 20
0318,06,,002,001,NORORIENTE          ,DIRECCION CARIBE,CESAR               ,GZ CESAR MAGDALENA Y GUAJIRA,FONSECA             ,No Aplica,,-,-
0319,42,41,036,008,DIRECCION DISTRITOS ,DIRECCION ORIENTE, G.DISTRITO BMANGA 1 ,GZ BUCARAMANGA,FLORIDABLANCA       ,No Aplica,,Gcia. Distrito B/manga 1,Distrito B/manga 1
0322,04,,007,003,ANT-OCC-TOLIMA      ,DIRECCION ANTIOQUIA Y EJE, URABA-MPIOS ANTIOQ  ,GZ MUNICIPOS DE ANTIOQUIA,FRONTINO            ,No Aplica,,-,-
0324,04,,002,005,ANT-OCC-TOLIMA      ,DIRECCION ANTIOQUIA Y EJE, MUNICIPIOS ANTIOQUIA,GZ VALLE DE SAN NICOLAS Y CHOCO,ANDES ANTIOQUIA     ,No Aplica,,-,-
0326,06,,005,001,NORORIENTE          ,DIRECCION CARIBE,MAGDALENA-GUAJIRA   ,GZ CESAR MAGDALENA Y GUAJIRA,FUNDACION           ,No Aplica,,-,-
0327,42,,022,003,DIRECCION DISTRITOS ,DIRECCION CAPITAL, GCIA DISTRITO BTA 22,GZ DISTRITOS BTA 3,NORMANDIA           ,No Aplica,,Gcia. Distrito Bogotá 22,Distrito BTA 21
0329,42,,018,002,DIRECCION DISTRITOS ,DIRECCION CAPITAL,GCIA DISTRITO BTA 18,GZ DISTRITOS BTA 2,CTRO CIAL ALTAVISTA ,No Aplica,,Gcia. Distrito Bogotá 18,Distrito BTA 15
0334,08,,006,004,CENTRAL             ,DIRECCION CENTRAL,SABANA              ,GZ MUNICIPIOS DE CUNDINAMARCA,GACHETA             ,No Aplica,,-,-
0336,08,41,002,007,CENTRAL             ,DIRECCION ORIENTE, BYCA Y NTE DE CMARCA,GZ BOYACA,GARAGOA             ,No Aplica,,-,-
0338,08,,004,002,CENTRAL             ,DIRECCION CENTRAL,HUILA               ,GZ HUILA,GARZON              ,No Aplica,,-,-
0340,37,,005,,DIR BANCA PREMIUM   ,DIRECCION BANCA PREMIUM, PREMIUM ANTQ-OCCIDE ,GZ PREMIUM ANTQ-EJECAF,OF PREM PEREIRA     ,No Aplica,,,
0341,06,,003,002,NORORIENTE          ,DIRECCION CARIBE, CORDOBA-SUCRE       ,GZ CORDOBA Y SUCRE,PQ COMERCIAL GUACARI,No Aplica,,-,Distrito Sincelejo
0346,04,07,008,004,ANT-OCC-TOLIMA      ,DIRECCION OCCIDENTE, VALLE DEL CAUCA     ,GZ VALLE DEL CAUCA,GINEBRA             ,No Aplica,,-,Distrito Norte del Valle
0348,08,,007,001,CENTRAL             ,DIRECCION CENTRAL, TERRITORIOS NAC CUND,GZ CUNDINAMARCA SUR,GIRARDOT            ,No Aplica,,-,-
0349,04,,007,001,ANT-OCC-TOLIMA      ,DIRECCION ANTIOQUIA Y EJE,URABA-MPIOS ANTIOQ  ,GZ DISTRITOS VALLE DE ABURRA,GIRARDOTA           ,No Aplica,,-,Distrito Medellin 1
0350,08,,008,003,CENTRAL             ,DIRECCION CENTRAL, VILLAVICENCIO       ,GZ META,GRANADA             ,No Aplica,,-,-
0351,08,,008,003,CENTRAL             ,DIRECCION CENTRAL, VILLAVICENCIO       ,GZ META,CTR VILLVICENCIO    ,No Aplica,,-,Distrito Villavicencio 1
0352,04,07,008,004,ANT-OCC-TOLIMA      ,DIRECCION OCCIDENTE, VALLE DEL CAUCA     ,GZ VALLE DEL CAUCA,GUACARI             ,No Aplica,,-,Distrito Norte del Valle
0353,08,,001,005,CENTRAL             ,DIRECCION CENTRAL, BOYACA              ,GZ TERRITORIOS ORIENTE COLOMBIANO,MONTERREY           ,No Aplica,,-,-
0354,08,,008,003,CENTRAL             ,DIRECCION CENTRAL, VILLAVICENCIO       ,GZ META,PARQ RIVEROS ACACIAS,No Aplica,,-,-
0356,08,,003,006,CENTRAL             ,DIRECCION CENTRAL, CUNDINAMARCA        ,GZ TOLIMA,GUADUAS             ,No Aplica,,-,-
0357,08,,008,003,CENTRAL             ,DIRECCION CENTRAL, VILLAVICENCIO       ,GZ META,C C VIVA V/VICENCIO ,No Aplica,,-,Distrito Villavicencio 2
0358,08,,008,003,CENTRAL             ,DIRECCION CENTRAL, VILLAVICENCIO       ,GZ META,GUAMAL              ,No Aplica,,-,-
0359,42,,005,001,DIRECCION DISTRITOS ,DIRECCION CAPITAL, GCIA DISTRITO BTA 5 ,GZ DISTRITOS BTA 1,OFICINA SANTA ANA   ,No Aplica,,Gcia. Distrito Bogotá 5,Distrito BTA 6
0360,08,41,002,007,CENTRAL             ,DIRECCION ORIENTE, BYCA Y NTE DE CMARCA,GZ BOYACA,GUATEQUE            ,No Aplica,,-,-
0361,08,,008,003,CENTRAL             ,DIRECCION CENTRAL,VILLAVICENCIO       ,GZ META,RESTREPO META       ,No Aplica,,-,Distrito Villavicencio 2
0363,04,08,006,,ANT-OCC-TOLIMA      ,DIRECCION CENTRAL, TOLIMA              ,GZ TOLIMA,MARIQUITA           ,No Aplica,,-,-
0364,08,,008,003,CENTRAL             ,DIRECCION CENTRAL, VILLAVICENCIO       ,GZ META,LOS CENTAUROS       ,No Aplica,,-,Distrito Villavicencio 1
0366,04,08,006,,ANT-OCC-TOLIMA      ,DIRECCION CENTRAL, TOLIMA              ,GZ TOLIMA,HONDA               ,No Aplica,,-,-
0370,04,08,006,,ANT-OCC-TOLIMA      ,DIRECCION CENTRAL, TOLIMA              ,GZ TOLIMA,IBAGUE              ,No Aplica,,-,Distrito Ibague
0374,04,07,003,002,ANT-OCC-TOLIMA      ,DIRECCION OCCIDENTE, NARINO CAUCA        ,GZ NARINO Y CAUCA,IPIALES             ,No Aplica,,-,-
0375,08,,007,005,CENTRAL             ,DIRECCION CENTRAL, TERRITORIOS NAC CUND,GZ TERRITORIOS ORIENTE COLOMBIANO,SAN VIC DEL CAGUAN  ,No Aplica,,-,-
0377,08,41,001,007,CENTRAL             ,DIRECCION ORIENTE,BOYACA              ,GZ BOYACA,NOBSA               ,No Aplica,,-,-
0378,04,,002,003,ANT-OCC-TOLIMA      ,DIRECCION ANTIOQUIA Y EJE, MUN.ANTIOQUIA CHOCO ,GZ VALLE DE SAN NICOLAS Y CHOCO,ISTMINA             ,No Aplica,,-,-
0380,42,,010,001,DIRECCION DISTRITOS ,DIRECCION CAPITAL, GCIA DISTRITO BTA 10,GZ DISTRITOS BTA 1,ISERRA 100          ,No Aplica,,Gcia. Distrito Bogotá 10,Distrito BTA 4
0382,42,04,054,001,DIRECCION DISTRITOS ,DIRECCION ANTIOQUIA Y EJE,G.DISTRITO MDLLIN 8 ,GZ DISTRITOS VALLE DE ABURRA,ITAGUI              ,No Aplica,,Gcia. Distrito Medellín 8,Distrito Medellin 7
0383,08,,004,002,CENTRAL             ,DIRECCION CENTRAL, HUILA               ,GZ HUILA,SAN AGUSTIN-HUILA   ,No Aplica,,-,-
0384,42,,005,001,DIRECCION DISTRITOS ,DIRECCION CAPITAL, GCIA DISTRITO BTA 5 ,GZ DISTRITOS BTA 1,C EMPR. NORTH POINT ,No Aplica,,Gcia. Distrito Bogotá 5,Distrito BTA 2
0386,42,04,050,001,DIRECCION DISTRITOS ,DIRECCION ANTIOQUIA Y EJE, G.DISTRITO MDLLIN 4 ,GZ DISTRITOS VALLE DE ABURRA,CARRERA JUNIN       ,No Aplica,,Gcia. Distrito Medellín 4,Distrito Medellin 3
0387,42,06,035,003,DIRECCION DISTRITOS ,DIRECCION CARIBE, G.DISTRITO BQUILLA 4,GZ DISTRITOS B/QUILLA C/GENA Y STA MTA,METROCENTRO         ,No Aplica,,Gcia. Distrito B/quilla 4,Distrito B/quilla 4
0389,06,,001,003,NORORIENTE          ,DIRECCION CARIBE,BOLIVAR-SAN ANDRES  ,GZ DISTRITOS B/QUILLA C/GENA Y STA MTA,LA PLAZUELA         ,No Aplica,,-,Distrito Cartagena
0390,04,08,006,,ANT-OCC-TOLIMA      ,DIRECCION CENTRAL, TOLIMA              ,GZ TOLIMA,LA DORADA           ,No Aplica,,-,-
0391,42,07,046,001,DIRECCION DISTRITOS ,DIRECCION OCCIDENTE, G.DISTRITO CALI 8   ,GZ DISTRITOS CALI,CHIPICHAPE          ,No Aplica,,Gcia. Distrito Cali 8,Distrito Cali 5
0393,42,04,052,001,DIRECCION DISTRITOS ,DIRECCION ANTIOQUIA Y EJE, G.DISTRITO MDLLIN 6 ,GZ DISTRITOS VALLE DE ABURRA,CTRO CIAL STFE MLLIN,No Aplica,,Gcia. Distrito Medellín 6,Distrito Medellin 6
0394,08,,003,001,CENTRAL             ,DIRECCION CENTRAL, CUNDINAMARCA        ,GZ CUNDINAMARCA SUR,LA MESA             ,No Aplica,,-,-
0396,08,,003,001,CENTRAL             ,DIRECCION CENTRAL, CUNDINAMARCA        ,GZ CUNDINAMARCA SUR,OFICINA FUSAGASUGA  ,No Aplica,,-,-
0398,08,,004,002,CENTRAL             ,DIRECCION CENTRAL, HUILA               ,GZ HUILA,LA PLATA            ,No Aplica,,-,-
0402,04,,004,002,ANT-OCC-TOLIMA      ,DIRECCION ANTIOQUIA Y EJE, NUEVO QUINDIO       ,GZ EJE CAFETERO,LA VIRGINIA         ,No Aplica,,-,Distrito Area Metropolitina Pereira
0406,42,04,053,001,DIRECCION DISTRITOS ,DIRECCION ANTIOQUIA Y EJE, G.DISTRITO MDLLIN 7 ,GZ DISTRITOS VALLE DE ABURRA,VIVA ENVIGADO       ,No Aplica,,Gcia. Distrito Medellín 7,Distrito Medellin 6
0407,08,,007,005,CENTRAL             ,DIRECCION CENTRAL, TERRITORIOS NAC CUND,GZ TERRITORIOS ORIENTE COLOMBIANO,LETICIA             ,No Aplica,,-,-
0408,06,,003,002,NORORIENTE          ,DIRECCION CARIBE,CORDOBA-SUCRE       ,GZ CORDOBA Y SUCRE,LORICA              ,No Aplica,,-,-
0409,08,,001,005,CENTRAL             ,DIRECCION CENTRAL, BOYACA              ,GZ TERRITORIOS ORIENTE COLOMBIANO,UNICENTRO YOPAL     ,No Aplica,,-,Distrito Yopal
0414,06,,001,002,NORORIENTE          ,DIRECCION CARIBE, BOLIVAR-SAN ANDRES  ,GZ CORDOBA Y SUCRE,MAGANGUE            ,No Aplica,,-,-
0417,42,04,048,001,DIRECCION DISTRITOS ,DIRECCION ANTIOQUIA Y EJE, G.DISTRITO MDLLIN 2 ,GZ DISTRITOS VALLE DE ABURRA,CTRO CCIAL FLORIDA  ,No Aplica,,Gcia. Distrito Medellín 2,Distrito Medellin 2
0420,06,41,004,009,NORORIENTE          ,DIRECCION ORIENTE, MAGDALENA MEDIO     ,GZ MAGDALENA MEDIO,SAN MARTIN CESAR    ,No Aplica,,-,-
0428,04,,005,002,ANT-OCC-TOLIMA      ,DIRECCION ANTIOQUIA Y EJE, RISARALDA-CALDAS    ,GZ EJE CAFETERO,MANIZALES           ,No Aplica,,-,Distrito Manizales
0431,42,04,047,001,DIRECCION DISTRITOS ,DIRECCION ANTIOQUIA Y EJE, G.DISTRITO MDLLIN 1 ,GZ DISTRITOS VALLE DE ABURRA,TERMINAL DE TRANSP. ,No Aplica,,Gcia. Distrito Medellín 1,Distrito Medellin 2
0434,42,04,050,001,DIRECCION DISTRITOS ,DIRECCION ANTIOQUIA Y EJE, G.DISTRITO MDLLIN 4 ,GZ DISTRITOS VALLE DE ABURRA,MEDELLIN CENTRO     ,No Aplica,,Gcia. Distrito Medellín 4,Distrito Medellin 3
0436,06,,003,002,NORORIENTE          ,DIRECCION CARIBE, CORDOBA-SUCRE       ,GZ CORDOBA Y SUCRE,MONTELIBANO         ,No Aplica,,-,-
0437,42,,018,002,DIRECCION DISTRITOS ,DIRECCION CAPITAL, GCIA DISTRITO BTA 18,GZ DISTRITOS BTA 2,SANTA LIBRADA BTA   ,No Aplica,,Gcia. Distrito Bogotá 18,Distrito BTA 15
0438,06,,003,002,NORORIENTE          ,DIRECCION CARIBE,CORDOBA-SUCRE       ,GZ CORDOBA Y SUCRE,MONTERIA            ,No Aplica,,-,Distrito Monteria
0442,08,,004,002,CENTRAL             ,DIRECCION CENTRAL, HUILA               ,GZ HUILA,NEIVA               ,No Aplica,,-,Distrito Neiva
0444,08,42,006,001,CENTRAL             ,DIRECCION CAPITAL, SABANA              ,GZ DISTRITOS BTA 1,CAJICA              ,No Aplica,,-,Distrito BTA 1
0445,42,07,040,001,DIRECCION DISTRITOS ,DIRECCION OCCIDENTE, G.DISTRITO CALI 2   ,GZ DISTRITOS CALI,IMBANACO            ,No Aplica,,Gcia. Distrito Cali 2,Distrito Cali 2
0446,06,41,006,010,NORORIENTE          ,DIRECCION ORIENTE, NTE SANTAND ARAUCA  ,GZ NORTE DE SANTANDER Y ARAUCA,OCANA               ,No Aplica,,-,-
0447,42,,018,002,DIRECCION DISTRITOS ,DIRECCION CAPITAL, GCIA DISTRITO BTA 18,GZ DISTRITOS BTA 2,LUCERO              ,No Aplica,,Gcia. Distrito Bogotá 18,Distrito BTA 15
0450,42,,018,002,DIRECCION DISTRITOS ,DIRECCION CAPITAL,GCIA DISTRITO BTA 18,GZ DISTRITOS BTA 2,CANDELARIA LA NUEVA ,No Aplica,,Gcia. Distrito Bogotá 18,Distrito BTA 15
0452,42,04,052,001,DIRECCION DISTRITOS ,DIRECCION ANTIOQUIA Y EJE,G.DISTRITO MDLLIN 6 ,GZ DISTRITOS VALLE DE ABURRA,CTRO CIAL EL TESORO ,No Aplica,,Gcia. Distrito Medellín 6,Distrito Medellin 4
0454,42,07,042,004,DIRECCION DISTRITOS ,DIRECCION OCCIDENTE, G.DISTRITO CALI 4   ,GZ VALLE DEL CAUCA,UNICENTRO PALMIRA   ,No Aplica,,Gcia. Distrito Cali 4,Distrito Palmira y Candelaria
0458,42,07,042,004,DIRECCION DISTRITOS ,DIRECCION OCCIDENTE, G.DISTRITO CALI 4   ,GZ VALLE DEL CAUCA,PALMIRA             ,No Aplica,,Gcia. Distrito Cali 4,Distrito Palmira y Candelaria
0459,42,07,040,001,DIRECCION DISTRITOS ,DIRECCION OCCIDENTE, G.DISTRITO CALI 2   ,GZ DISTRITOS CALI,PASO ANCHO          ,No Aplica,,Gcia. Distrito Cali 2,Distrito Cali 1
0462,06,41,006,010,NORORIENTE          ,DIRECCION ORIENTE, NTE SANTAND ARAUCA  ,GZ NORTE DE SANTANDER Y ARAUCA,PAMPLONA            ,No Aplica,,-,-
0463,04,,002,005,ANT-OCC-TOLIMA      ,DIRECCION ANTIOQUIA Y EJE, MUNICIPIOS ANTIOQUIA,GZ VALLE DE SAN NICOLAS Y CHOCO,MARINILLA           ,No Aplica,,-,Distrito Valle de San Nicolas
0465,04,,005,002,ANT-OCC-TOLIMA      ,DIRECCION ANTIOQUIA Y EJE,RISARALDA-CALDAS    ,GZ EJE CAFETERO,PARQUE OLAYA        ,No Aplica,,-,Distrito Pereira
0466,04,07,003,002,ANT-OCC-TOLIMA      ,DIRECCION OCCIDENTE, NARINO CAUCA        ,GZ NARINO Y CAUCA,PASTO               ,No Aplica,,-,Distrito Pasto
0468,04,,005,002,ANT-OCC-TOLIMA      ,DIRECCION ANTIOQUIA Y EJE, RISARALDA-CALDAS    ,GZ EJE CAFETERO,PEREIRA             ,No Aplica,,-,Distrito Pereira
0469,06,41,004,008,NORORIENTE          ,DIRECCION ORIENTE, MAGDALENA MEDIO     ,GZ BUCARAMANGA,PIEDECUESTA         ,No Aplica,,-,Distrito B/manga 1
0470,42,07,039,001,DIRECCION DISTRITOS ,DIRECCION OCCIDENTE, G.DISTRITO CALI 1   ,GZ DISTRITOS CALI,JAMUNDI             ,No Aplica,,Gcia. Distrito Cali 1,Distrito Cali 1
0471,06,,005,001,NORORIENTE          ,DIRECCION CARIBE, MAGDALENA-GUAJIRA   ,GZ CESAR MAGDALENA Y GUAJIRA,PIVIJAY             ,No Aplica,,-,-
0474,04,08,006,,ANT-OCC-TOLIMA      ,DIRECCION CENTRAL, TOLIMA              ,GZ TOLIMA,PIEDRAPINTADA       ,No Aplica,,-,Distrito Ibague
0475,42,07,044,001,DIRECCION DISTRITOS ,DIRECCION OCCIDENTE, G.DISTRITO CALI 6   ,GZ DISTRITOS CALI,VILLA COLOMBIA CALI ,No Aplica,,Gcia. Distrito Cali 6,Distrito Cali 6
0476,42,04,049,001,DIRECCION DISTRITOS ,DIRECCION ANTIOQUIA Y EJE, G.DISTRITO MDLLIN 3 ,GZ DISTRITOS VALLE DE ABURRA,BELEN               ,No Aplica,,Gcia. Distrito Medellín 3,Distrito Medellin 5
0478,04,,007,003,ANT-OCC-TOLIMA      ,DIRECCION ANTIOQUIA Y EJE, URABA-MPIOS ANTIOQ  ,GZ MUNICIPOS DE ANTIOQUIA,CAREPA              ,No Aplica,,-,Distrito Uraba
0484,42,07,044,001,DIRECCION DISTRITOS ,DIRECCION OCCIDENTE, G.DISTRITO CALI 6   ,GZ DISTRITOS CALI,PLAZA DE CAYCEDO    ,No Aplica,,Gcia. Distrito Cali 6,Distrito Cali 3
0486,42,07,039,001,DIRECCION DISTRITOS ,DIRECCION OCCIDENTE, G.DISTRITO CALI 1   ,GZ DISTRITOS CALI,UNICENTRO (CALI)    ,No Aplica,,Gcia. Distrito Cali 1,Distrito Cali 1
0487,42,07,041,001,DIRECCION DISTRITOS ,DIRECCION OCCIDENTE, G.DISTRITO CALI 3   ,GZ DISTRITOS CALI,ALAMEDA   (CALI)    ,No Aplica,,Gcia. Distrito Cali 3,Distrito Cali 2
0488,42,07,041,001,DIRECCION DISTRITOS ,DIRECCION OCCIDENTE, G.DISTRITO CALI 3   ,GZ DISTRITOS CALI,CIUDAD CORDOBA      ,No Aplica,,Gcia. Distrito Cali 3,Distrito Cali 6
0493,42,06,035,003,DIRECCION DISTRITOS ,DIRECCION CARIBE, G.DISTRITO BQUILLA 4,GZ DISTRITOS B/QUILLA C/GENA Y STA MTA,CTR CCIAL G PLZ SOL ,No Aplica,,Gcia. Distrito B/quilla 4,Distrito B/quilla 4
0497,42,04,051,001,DIRECCION DISTRITOS ,DIRECCION ANTIOQUIA Y EJE,G.DISTRITO MDLLIN 5 ,GZ DISTRITOS VALLE DE ABURRA,OFICINA CALDAS      ,No Aplica,,Gcia. Distrito Medellín 5,Distrito Medellin 7
0500,42,,009,001,DIRECCION DISTRITOS ,DIRECCION CAPITAL, GCIA DISTRITO BTA 9 ,GZ DISTRITOS BTA 1,CARRERA 11 CON 81   ,No Aplica,,Gcia. Distrito Bogotá 9,Distrito BTA 8
0506,42,,012,002,DIRECCION DISTRITOS ,DIRECCION CAPITAL, GCIA DISTRITO BTA 12,GZ DISTRITOS BTA 2,CITY U              ,No Aplica,,Gcia. Distrito Bogotá 12,Distrito BTA 11
0510,42,04,048,001,DIRECCION DISTRITOS ,DIRECCION ANTIOQUIA Y EJE,G.DISTRITO MDLLIN 2 ,GZ DISTRITOS VALLE DE ABURRA,LAURELES            ,No Aplica,,Gcia. Distrito Medellín 2,Distrito Medellin 2
0513,06,41,004,009,NORORIENTE          ,DIRECCION ORIENTE, MAGDALENA MEDIO     ,GZ MAGDALENA MEDIO,PUERTO WILCHES      ,No Aplica,,-,-
0514,06,41,004,009,NORORIENTE          ,DIRECCION ORIENTE, MAGDALENA MEDIO     ,GZ MAGDALENA MEDIO,PUERTO BERRIO       ,No Aplica,,-,-
0516,06,41,006,010,NORORIENTE          ,DIRECCION ORIENTE, NTE SANTAND ARAUCA  ,GZ NORTE DE SANTANDER Y ARAUCA,LOS PATIOS N/SANTAND,No Aplica,,-,Distrito Cucuta 2
0520,04,07,003,002,ANT-OCC-TOLIMA      ,DIRECCION OCCIDENTE, NARINO CAUCA        ,GZ NARINO Y CAUCA,POPAYAN             ,No Aplica,,-,Distrito Popayan
0526,04,,004,002,ANT-OCC-TOLIMA      ,DIRECCION ANTIOQUIA Y EJE, QUINDIO-CHOCO       ,GZ EJE CAFETERO,QUIMBAYA            ,No Aplica,,-,Distrito Armenia
0530,06,,005,001,NORORIENTE          ,DIRECCION CARIBE, MAGDALENA-GUAJIRA   ,GZ CESAR MAGDALENA Y GUAJIRA,RIOHACHA            ,No Aplica,,-,-
0531,42,04,050,001,DIRECCION DISTRITOS ,DIRECCION ANTIOQUIA Y EJE, G.DISTRITO MDLLIN 4 ,GZ DISTRITOS VALLE DE ABURRA,SAN IGNACIO         ,No Aplica,,Gcia. Distrito Medellín 4,Distrito Medellin 3
0532,04,,002,005,ANT-OCC-TOLIMA      ,DIRECCION ANTIOQUIA Y EJE, MUNICIPIOS ANTIOQUIA,GZ VALLE DE SAN NICOLAS Y CHOCO,RIONEGRO            ,No Aplica,,-,Distrito Valle de San Nicolas
0534,42,04,047,001,DIRECCION DISTRITOS ,DIRECCION ANTIOQUIA Y EJE,G.DISTRITO MDLLIN 1 ,GZ DISTRITOS VALLE DE ABURRA,BELLO PLAZA         ,No Aplica,,Gcia. Distrito Medellín 1,Distrito Medellin 1
0538,42,04,049,001,DIRECCION DISTRITOS ,DIRECCION ANTIOQUIA Y EJE, G.DISTRITO MDLLIN 3 ,GZ DISTRITOS VALLE DE ABURRA,C CIAL UNIC MEDELLIN,No Aplica,,Gcia. Distrito Medellín 3,Distrito Medellin 5
0539,06,41,004,009,NORORIENTE          ,DIRECCION ORIENTE, MAGDALENA MEDIO     ,GZ MAGDALENA MEDIO,SAN ALBERTO         ,No Aplica,,-,-
0540,06,,001,003,NORORIENTE          ,DIRECCION CARIBE, BOLIVAR-SAN ANDRES  ,GZ DISTRITOS B/QUILLA C/GENA Y STA MTA,SAN ANDRES          ,No Aplica,,-,-
0542,42,,017,003,DIRECCION DISTRITOS ,DIRECCION CAPITAL, GCIA DISTRITO BTA 17,GZ DISTRITOS BTA 3,CTRO CIAL CTRO MAYOR,No Aplica,,Gcia. Distrito Bogotá 17,Distrito BTA 18
0545,37,,001,,DIR BANCA PREMIUM   ,DIRECCION BANCA PREMIUM, PREMIUM BTA 1    ,GZ PREMIUM BTA 1,PREM.AVDA 19 CLL 114,No Aplica,,,
0546,08,,007,005,CENTRAL             ,DIRECCION CENTRAL,TERRITORIOS NAC CUND,GZ TERRITORIOS ORIENTE COLOMBIANO,ORITO               ,No Aplica,,-,-
0548,06,,002,001,NORORIENTE          ,DIRECCION CARIBE,CESAR               ,GZ CESAR MAGDALENA Y GUAJIRA,SAN JUAN DEL CESAR  ,No Aplica,,-,-
0549,37,,006,,DIR BANCA PREMIUM   ,DIRECCION BANCA PREMIUM, PREMIUM NORORIENTE  ,GZ PREMIUM NORORIENTE,PREM E BCO BTA BOCAG,No Aplica,,,
0551,08,,007,001,CENTRAL             ,DIRECCION CENTRAL, TERRITORIOS NAC CUND,GZ CUNDINAMARCA SUR,CC UNICENTRO GIRARDO,No Aplica,,-,-
0553,37,,002,,DIR BANCA PREMIUM   ,DIRECCION BANCA PREMIUM, PREMIUM BTA 2    ,GZ PREMIUM BTA 2,PREM CRA 11 CON 81  ,No Aplica,,,
0554,04,,007,003,ANT-OCC-TOLIMA      ,DIRECCION ANTIOQUIA Y EJE,URABA-MPIOS ANTIOQ  ,GZ MUNICIPOS DE ANTIOQUIA,STA ROSA DE OSOS    ,No Aplica,,-,-
0556,08,,008,003,CENTRAL             ,DIRECCION CENTRAL, VILLAVICENCIO       ,GZ META,SAN MARTIN          ,No Aplica,,-,-
0564,06,,005,003,NORORIENTE          ,DIRECCION CARIBE, MAGDALENA-GUAJIRA   ,GZ DISTRITOS B/QUILLA C/GENA Y STA MTA,SANTA MARTA         ,No Aplica,,-,Distrito Sta Marta
0566,42,07,044,001,DIRECCION DISTRITOS ,DIRECCION OCCIDENTE, G.DISTRITO CALI 6   ,GZ DISTRITOS CALI,SANTA MONICA        ,No Aplica,,Gcia. Distrito Cali 6,Distrito Cali 4
0572,04,,005,002,ANT-OCC-TOLIMA      ,DIRECCION ANTIOQUIA Y EJE, RISARALDA-CALDAS    ,GZ EJE CAFETERO,SANTA ROSA DE CABAL ,No Aplica,,-,-
0572,,,,,,,,,Of  Santa Rosa De Cabal,,,,Distrito Area Metropolitina Pereira
0574,42,06,034,003,DIRECCION DISTRITOS ,DIRECCION CARIBE, G.DISTRITO BQUILLA 3,GZ DISTRITOS B/QUILLA C/GENA Y STA MTA,LA CORDIALIDAD      ,No Aplica,,Gcia. Distrito B/quilla 3,Distrito B/quilla 3
0576,08,41,001,007,CENTRAL             ,DIRECCION ORIENTE,BOYACA              ,GZ BOYACA,STA. ROSA DE VITERBO,No Aplica,,-,-
0578,04,,002,003,ANT-OCC-TOLIMA      ,DIRECCION ANTIOQUIA Y EJE, MUN.ANTIOQUIA CHOCO ,GZ VALLE DE SAN NICOLAS Y CHOCO,QUIBDO              ,No Aplica,,-,-
0580,08,,006,003,CENTRAL             ,DIRECCION CENTRAL, SABANA              ,GZ META,CAQUEZA             ,No Aplica,,-,-
0583,08,,007,001,CENTRAL             ,DIRECCION CENTRAL, TERRITORIOS NAC CUND,GZ CUNDINAMARCA SUR,TOLEMAIDA           ,No Aplica,,-,-
0584,42,04,048,001,DIRECCION DISTRITOS ,DIRECCION ANTIOQUIA Y EJE,G.DISTRITO MDLLIN 2 ,GZ DISTRITOS VALLE DE ABURRA,SECTOR ESTADIO      ,No Aplica,,Gcia. Distrito Medellín 2,Distrito Medellin 2
0587,08,,003,001,CENTRAL             ,DIRECCION CENTRAL, CUNDINAMARCA        ,GZ CUNDINAMARCA SUR,SIBATE              ,No Aplica,,-,-
0588,04,07,004,,ANT-OCC-TOLIMA      ,DIRECCION OCCIDENTE, NUEVO QUINDIO       ,GZ VALLE DEL CAUCA,SEVILLA             ,No Aplica,,-,-
0590,42,41,037,008,DIRECCION DISTRITOS ,DIRECCION ORIENTE, G.DISTRITO BMANGA 2 ,GZ BUCARAMANGA,REAL DE MINAS       ,No Aplica,,Gcia. Distrito B/manga 2,Distrito B/manga 3
0592,06,,003,002,NORORIENTE          ,DIRECCION CARIBE, CORDOBA-SUCRE       ,GZ CORDOBA Y SUCRE,SINCELEJO           ,No Aplica,,-,Distrito Sincelejo
0596,08,41,001,007,CENTRAL             ,DIRECCION ORIENTE, BOYACA              ,GZ BOYACA,SOGAMOSO            ,No Aplica,,-,-
0597,08,,002,004,CENTRAL             ,DIRECCION CENTRAL, BYCA Y NTE DE CMARCA,GZ MUNICIPIOS DE CUNDINAMARCA,SOPO                ,No Aplica,,-,-
0598,04,,002,005,ANT-OCC-TOLIMA      ,DIRECCION ANTIOQUIA Y EJE,MUNICIPIOS ANTIOQUIA,GZ VALLE DE SAN NICOLAS Y CHOCO,C CIAL SAVANNA      ,No Aplica,,-,Distrito Valle de San Nicolas
0599,06,,002,001,NORORIENTE          ,DIRECCION CARIBE,CESAR               ,GZ CESAR MAGDALENA Y GUAJIRA,LA JAGUA            ,No Aplica,,-,-
0600,42,41,037,008,DIRECCION DISTRITOS ,DIRECCION ORIENTE, G.DISTRITO BMANGA 2 ,GZ BUCARAMANGA,CENTRO COM. CABECERA,No Aplica,,Gcia. Distrito B/manga 2,Distrito B/manga 2
0601,06,41,006,010,NORORIENTE          ,DIRECCION ORIENTE, NTE SANTAND ARAUCA  ,GZ NORTE DE SANTANDER Y ARAUCA,C CIAL VENTURA PLAZA,No Aplica,,-,Distrito Cucuta 2
0606,42,,023,003,DIRECCION DISTRITOS ,DIRECCION CAPITAL, GCIA DISTRITO BTA 23,GZ DISTRITOS BTA 3,OFICINA TINTAL PLAZA,No Aplica,,Gcia. Distrito Bogotá 23,Distrito BTA 20
0611,08,41,002,007,CENTRAL             ,DIRECCION ORIENTE,BYCA Y NTE DE CMARCA,GZ BOYACA,UBATE               ,No Aplica,,-,-
0612,04,07,008,004,ANT-OCC-TOLIMA      ,DIRECCION OCCIDENTE,VALLE DEL CAUCA     ,GZ VALLE DEL CAUCA,TULUA               ,No Aplica,,-,Distrito Norte del Valle
0614,06,41,006,010,NORORIENTE          ,DIRECCION ORIENTE, NTE SANTAND ARAUCA  ,GZ NORTE DE SANTANDER Y ARAUCA,C CIAL UNICNETRO-CTA,No Aplica,,-,Distrito Cucuta 2
0615,42,,006,001,DIRECCION DISTRITOS ,DIRECCION CAPITAL, GCIA DISTRITO BTA 6 ,GZ DISTRITOS BTA 1,C CIAL SANTAFE II   ,No Aplica,,Gcia. Distrito Bogotá 6,Distrito BTA 1
0616,08,41,001,007,CENTRAL             ,DIRECCION ORIENTE, BOYACA              ,GZ BOYACA,TUNJA               ,No Aplica,,-,Distrito Tunja
0618,04,,007,003,ANT-OCC-TOLIMA      ,DIRECCION ANTIOQUIA Y EJE, URABA-MPIOS ANTIOQ  ,GZ MUNICIPOS DE ANTIOQUIA,CHIGORODO           ,No Aplica,,-,Distrito Uraba
0619,06,41,006,010,NORORIENTE          ,DIRECCION ORIENTE, NTE SANTAND ARAUCA  ,GZ NORTE DE SANTANDER Y ARAUCA,VILLA DEL ROSARIO   ,No Aplica,,-,Distrito Cucuta 2
0620,04,,007,003,ANT-OCC-TOLIMA      ,DIRECCION ANTIOQUIA Y EJE, URABA-MPIOS ANTIOQ  ,GZ MUNICIPOS DE ANTIOQUIA,TURBO               ,No Aplica,,-,Distrito Uraba
0622,42,,004,001,DIRECCION DISTRITOS ,DIRECCION CAPITAL, GCIA DISTRITO BTA 4 ,GZ DISTRITOS BTA 1,CALLE 104 AVENIDA 19,No Aplica,,Gcia. Distrito Bogotá 4,Distrito BTA 6
0627,42,06,033,003,DIRECCION DISTRITOS ,DIRECCION CARIBE, G.DISTRITO BQUILLA 2,GZ DISTRITOS B/QUILLA C/GENA Y STA MTA,CRR 38 CALLE 70     ,No Aplica,,Gcia. Distrito B/quilla 2,Distrito B/quilla 2
0631,37,,002,004,DIR BANCA PREMIUM   ,DIRECCION BANCA PREMIUM, PREMIUM BTA 2    ,GZ PREMIUM BTA 3,OF.PRE.L.C.SARMIENTO,No Aplica,,,
0632,08,,002,004,CENTRAL             ,DIRECCION CENTRAL,BYCA Y NTE DE CMARCA,GZ MUNICIPIOS DE CUNDINAMARCA,TOCANCIPA           ,No Aplica,,-,-
0633,04,,005,002,ANT-OCC-TOLIMA      ,DIRECCION ANTIOQUIA Y EJE,RISARALDA-CALDAS    ,GZ EJE CAFETERO,UNICENTRO PEREIRA   ,No Aplica,,-,Distrito Pereira
0637,42,,004,001,DIRECCION DISTRITOS ,DIRECCION CAPITAL, GCIA DISTRITO BTA 4 ,GZ DISTRITOS BTA 1,WORLD TRADE CENTER  ,No Aplica,,Gcia. Distrito Bogotá 4,Distrito BTA 7
0640,08,,003,004,CENTRAL             ,DIRECCION CENTRAL, CUNDINAMARCA        ,GZ CUNDINAMARCA SUR,LA VEGA             ,No Aplica,,-,-
0644,04,,007,003,ANT-OCC-TOLIMA      ,DIRECCION ANTIOQUIA Y EJE, URABA-MPIOS ANTIOQ  ,GZ MUNICIPOS DE ANTIOQUIA,YARUMAL             ,No Aplica,,-,-
0646,08,,001,005,CENTRAL             ,DIRECCION CENTRAL, BOYACA              ,GZ TERRITORIOS ORIENTE COLOMBIANO,YOPAL               ,No Aplica,,-,Distrito Yopal
0648,42,07,046,001,DIRECCION DISTRITOS ,DIRECCION OCCIDENTE, G.DISTRITO CALI 8   ,GZ DISTRITOS CALI,YUMBO               ,No Aplica,,Gcia. Distrito Cali 8,Distrito Cali 5
0652,08,,004,002,CENTRAL             ,DIRECCION CENTRAL, HUILA               ,GZ HUILA,PURIFICACION        ,No Aplica,,-,-
0656,04,07,008,004,ANT-OCC-TOLIMA      ,DIRECCION OCCIDENTE, VALLE DEL CAUCA     ,GZ VALLE DEL CAUCA,ZARZAL              ,No Aplica,,-,-
0657,06,,002,001,NORORIENTE          ,DIRECCION CARIBE, CESAR               ,GZ CESAR MAGDALENA Y GUAJIRA,CTRO CCIAL MAYALES  ,No Aplica,,-,Distrito Valledupar
0658,37,,006,,DIR BANCA PREMIUM   ,DIRECCION BANCA PREMIUM, PREMIUM NORORIENTE  ,GZ PREMIUM NORORIENTE,OF PREM E BCO BTA BQ,No Aplica,,,
0660,08,,002,004,CENTRAL             ,DIRECCION CENTRAL, BYCA Y NTE DE CMARCA,GZ MUNICIPIOS DE CUNDINAMARCA,ZIPAQUIRA           ,No Aplica,,-,-
0674,06,,001,003,NORORIENTE          ,DIRECCION CARIBE,BOLIVAR-SAN ANDRES  ,GZ DISTRITOS B/QUILLA C/GENA Y STA MTA,EXT OFIC PROVIDENCIA,No Aplica,,-,-
0676,08,41,001,007,CENTRAL             ,DIRECCION ORIENTE, BOYACA              ,GZ BOYACA,PAIPA               ,No Aplica,,-,-
0677,42,04,052,001,DIRECCION DISTRITOS ,DIRECCION ANTIOQUIA Y EJE, G.DISTRITO MDLLIN 6 ,GZ DISTRITOS VALLE DE ABURRA,CTRO C PREMIUM PLAZA,No Aplica,,Gcia. Distrito Medellín 6,Distrito Medellin 4
0679,42,07,041,001,DIRECCION DISTRITOS ,DIRECCION OCCIDENTE, G.DISTRITO CALI 3   ,GZ DISTRITOS CALI,PQUE CIAL RIO CAUCA ,No Aplica,,Gcia. Distrito Cali 3,Distrito Cali 6
0692,04,07,003,002,ANT-OCC-TOLIMA      ,DIRECCION OCCIDENTE, NARINO CAUCA        ,GZ NARINO Y CAUCA,TUMACO              ,No Aplica,,-,-
0693,04,07,003,002,ANT-OCC-TOLIMA      ,DIRECCION OCCIDENTE, NARINO CAUCA        ,GZ NARINO Y CAUCA,UNICENTRO PASTO     ,No Aplica,,-,Distrito Pasto
0695,08,,007,005,CENTRAL             ,DIRECCION CENTRAL, TERRITORIOS NAC CUND,GZ TERRITORIOS ORIENTE COLOMBIANO,PTO CARRENO         ,No Aplica,,-,-
0697,08,,008,003,CENTRAL             ,DIRECCION CENTRAL,VILLAVICENCIO       ,GZ META,PUERTO LOPEZ        ,No Aplica,,-,-
0704,08,,004,002,CENTRAL             ,DIRECCION CENTRAL, HUILA               ,GZ HUILA,QUIRINAL            ,No Aplica,,-,Distrito Neiva
0708,08,,006,004,CENTRAL             ,DIRECCION CENTRAL, SABANA              ,GZ MUNICIPIOS DE CUNDINAMARCA,OFICINA MADRID      ,No Aplica,,-,-
0752,42,04,051,001,DIRECCION DISTRITOS ,DIRECCION ANTIOQUIA Y EJE, G.DISTRITO MDLLIN 5 ,GZ DISTRITOS VALLE DE ABURRA,CTR CIAL AVESMARIA  ,No Aplica,,Gcia. Distrito Medellín 5,Distrito Medellin 7
0767,08,,004,002,CENTRAL             ,DIRECCION CENTRAL, HUILA               ,GZ HUILA,CHAPARRAL           ,No Aplica,,-,-
0793,08,,004,002,CENTRAL             ,DIRECCION CENTRAL, HUILA               ,GZ HUILA,PITALITO            ,No Aplica,,-,-
0796,42,,016,003,DIRECCION DISTRITOS ,DIRECCION CAPITAL, GCIA DISTRITO BTA 16,GZ DISTRITOS BTA 3,BOSA CENTRO         ,No Aplica,,Gcia. Distrito Bogotá 16,Distrito BTA 17
0798,08,,006,004,CENTRAL             ,DIRECCION CENTRAL,SABANA              ,GZ MUNICIPIOS DE CUNDINAMARCA,SUBACHOQUE          ,No Aplica,,-,-
0799,08,,002,004,CENTRAL             ,DIRECCION CENTRAL, BYCA Y NTE DE CMARCA,GZ MUNICIPIOS DE CUNDINAMARCA,CALERA              ,No Aplica,,-,-
0800,06,,003,002,NORORIENTE          ,DIRECCION CARIBE,CORDOBA-SUCRE       ,GZ CORDOBA Y SUCRE,PLANETA RICA        ,No Aplica,,-,-
0801,42,,024,003,DIRECCION DISTRITOS ,DIRECCION CAPITAL, GCIA DISTRITO BTA 24,GZ DISTRITOS BTA 3,ENGATIVA            ,No Aplica,,Gcia. Distrito Bogotá 24,Distrito BTA 21
0802,42,,002,001,DIRECCION DISTRITOS ,DIRECCION CAPITAL,GCIA DISTRITO BTA 2 ,GZ DISTRITOS BTA 1,CENTRO SUBA         ,No Aplica,,Gcia. Distrito Bogotá 2,Distrito BTA 3
0804,08,,008,003,CENTRAL             ,DIRECCION CENTRAL, VILLAVICENCIO       ,GZ META,OFIC PTO GAITAN META,No Aplica,,-,-
0807,08,41,001,007,CENTRAL             ,DIRECCION ORIENTE, BOYACA              ,GZ BOYACA,CC UNICENTRO TUNJA  ,No Aplica,,-,Distrito Tunja
0808,42,04,047,001,DIRECCION DISTRITOS ,DIRECCION ANTIOQUIA Y EJE, G.DISTRITO MDLLIN 1 ,GZ DISTRITOS VALLE DE ABURRA,CTRO C PUERTA NORTE ,No Aplica,,Gcia. Distrito Medellín 1,Distrito Medellin 1
0811,42,04,054,001,DIRECCION DISTRITOS ,DIRECCION ANTIOQUIA Y EJE, G.DISTRITO MDLLIN 8 ,GZ DISTRITOS VALLE DE ABURRA,ARKADIA             ,No Aplica,,Gcia. Distrito Medellín 8,Distrito Medellin 5
0817,04,07,003,002,ANT-OCC-TOLIMA      ,DIRECCION OCCIDENTE, NARINO CAUCA        ,GZ NARINO Y CAUCA,C CIAL CAMPANARIO   ,No Aplica,,-,Distrito Popayan
0825,06,41,006,010,NORORIENTE          ,DIRECCION ORIENTE, NTE SANTAND ARAUCA  ,GZ NORTE DE SANTANDER Y ARAUCA,EL ZULIA            ,No Aplica,,-,Distrito Cucuta 1
0827,37,,005,007,DIR BANCA PREMIUM   ,DIRECCION BANCA PREMIUM, PREMIUM ANTQ-OCCIDE ,GZ PREMIUM OCCIDENTE,OF PREM EDF BCO BTA ,No Aplica,,,
0840,04,08,006,,ANT-OCC-TOLIMA      ,DIRECCION CENTRAL, TOLIMA              ,GZ TOLIMA,FRESNO              ,No Aplica,,-,-
0845,04,,004,002,ANT-OCC-TOLIMA      ,DIRECCION ANTIOQUIA Y EJE, QUINDIO-CHOCO       ,GZ EJE CAFETERO,CIUDAD MILAGRO ARMEN,No Aplica,,-,Distrito Armenia
0847,04,,004,002,ANT-OCC-TOLIMA      ,DIRECCION ANTIOQUIA Y EJE, NUEVO QUINDIO       ,GZ EJE CAFETERO,ANSERMA             ,No Aplica,,-,-
0853,08,,008,003,CENTRAL             ,DIRECCION CENTRAL, VILLAVICENCIO       ,GZ META,CUMARAL             ,No Aplica,,-,Distrito Villavicencio 2
0863,06,,002,001,NORORIENTE          ,DIRECCION CARIBE, CESAR               ,GZ CESAR MAGDALENA Y GUAJIRA,CTR CIAL GUATAPURI  ,No Aplica,,-,Distrito Valledupar
0879,37,,002,004,DIR BANCA PREMIUM   ,DIRECCION BANCA PREMIUM, PREMIUM BTA 2    ,GZ PREMIUM BTA 3,PREMIUM CALLE 36    ,No Aplica,,,
0880,06,,003,002,NORORIENTE          ,DIRECCION CARIBE, CORDOBA-SUCRE       ,GZ CORDOBA Y SUCRE,MONTERIA NORTE      ,No Aplica,,-,Distrito Monteria
0885,08,,003,001,CENTRAL             ,DIRECCION CENTRAL, CUNDINAMARCA        ,GZ CUNDINAMARCA SUR,ANAPOIMA            ,No Aplica,,-,-
0896,37,,002,004,DIR BANCA PREMIUM   ,DIRECCION BANCA PREMIUM, PREMIUM BTA 2    ,GZ PREMIUM BTA 3,GERENTE PREMIUM 19  ,No Aplica,,,
0897,06,,003,002,NORORIENTE          ,DIRECCION CARIBE, CORDOBA-SUCRE       ,GZ CORDOBA Y SUCRE,OFICINA CAUCASIA    ,No Aplica,,-,-
0900,42,41,036,008,DIRECCION DISTRITOS ,DIRECCION ORIENTE, G.DISTRITO BMANGA 1 ,GZ BUCARAMANGA,CTR COMERC CACIQUE  ,No Aplica,,Gcia. Distrito B/manga 1,Distrito B/manga 2
0907,06,,001,003,NORORIENTE          ,DIRECCION CARIBE, BOLIVAR-SAN ANDRES  ,GZ DISTRITOS B/QUILLA C/GENA Y STA MTA,CTR CIAL CARIBE PLAZ,No Aplica,,-,Distrito Cartagena
0912,04,,005,002,ANT-OCC-TOLIMA      ,DIRECCION ANTIOQUIA Y EJE, RISARALDA-CALDAS    ,GZ EJE CAFETERO,CTRO CIAL PER PLAZA ,No Aplica,,-,Distrito Pereira
0914,04,,002,005,ANT-OCC-TOLIMA      ,DIRECCION ANTIOQUIA Y EJE, MUNICIPIOS ANTIOQUIA,GZ VALLE DE SAN NICOLAS Y CHOCO,MUNICIPIO GUARNE    ,No Aplica,,-,Distrito Valle de San Nicolas
0915,37,,002,004,DIR BANCA PREMIUM   ,DIRECCION BANCA PREMIUM, PREMIUM BTA 2    ,GZ PREMIUM BTA 3,GERENTE PREMIUM 20  ,No Aplica,,,
0924,37,,001,002,DIR BANCA PREMIUM   ,DIRECCION BANCA PREMIUM, PREMIUM BTA 1    ,GZ PREMIUM BTA 2,OF PREMIUM URBAN PLZ,No Aplica,,,
0949,09,,009,,DIRECCION GENERAL   ,DIRECCION ANTIOQUIA Y EJE, REGION ANTIOQUIA    ,9976-D.NAL.CAN.PERS ,DIR.REGION ANTIOQUIA,DIRECCION ANTIOQUIA Y EJE,,,
0958,09,,009,,DIRECCION GENERAL   ,DIRECCION ORIENTE, REGION COSTA        ,9976-D.NAL.CAN.PERS ,DIR REGION COSTA    ,DIRECCION ORIENTE,,,
0960,09,,009,,DIRECCION GENERAL   ,DIRECCION CENTRAL, REGION CENTRAL      ,9976-D.NAL.CAN.PERS ,DIR REGION CENTRAL  ,DIRECCION CENTRAL,,,
0961,09,,009,,DIRECCION GENERAL   ,DIRECCION CARIBE, REGION ORIENTE      ,9976-D.NAL.CAN.PERS ,DIR REGION ORIENTE  ,DIRECCION CARIBE,,,
0965,37,,005,,DIR BANCA PREMIUM   ,DIRECCION BANCA PREMIUM, PREMIUM ANTQ-OCCIDE ,GZ PREMIUM ANTQ-EJECAF,PREMIUM SAN FD PLAZA,No Aplica,,,
0967,37,,005,,DIR BANCA PREMIUM   ,DIRECCION BANCA PREMIUM, PREMIUM ANTQ-OCCIDE ,GZ PREMIUM ANTQ-EJECAF,GERENTE PREMIUM 6   ,No Aplica,,,
0968,37,,005,007,DIR BANCA PREMIUM   ,DIRECCION BANCA PREMIUM, PREMIUM ANTQ-OCCIDE ,GZ PREMIUM OCCIDENTE,PREMIUM CT.CIAL.CALI,No Aplica,,,
0969,37,,005,007,DIR BANCA PREMIUM   ,DIRECCION BANCA PREMIUM, PREMIUM ANTQ-OCCIDE ,GZ PREMIUM OCCIDENTE,GERENTE PREMIUM 7   ,No Aplica,,,
0971,37,,005,007,DIR BANCA PREMIUM   ,DIRECCION BANCA PREMIUM, PREMIUM ANTQ-OCCIDE ,GZ PREMIUM OCCIDENTE,GERENTE PREMIUM 8   ,No Aplica,,,
0972,37,,005,007,DIR BANCA PREMIUM   ,DIRECCION BANCA PREMIUM, PREMIUM ANTQ-OCCIDE ,GZ PREMIUM OCCIDENTE,GERENTE PREMIUM 9   ,No Aplica,,,
0973,37,,002,004,DIR BANCA PREMIUM   ,DIRECCION BANCA PREMIUM, PREMIUM BTA 2    ,GZ PREMIUM BTA 3,GCIA PREMIUM 26     ,No Aplica,,,
0975,37,,006,,DIR BANCA PREMIUM   ,DIRECCION BANCA PREMIUM, PREMIUM NORORIENTE  ,GZ PREMIUM NORORIENTE,CT.EMP.LAS AMERI.II ,No Aplica,,,
0978,37,,006,,DIR BANCA PREMIUM   ,DIRECCION BANCA PREMIUM, PREMIUM NORORIENTE  ,GZ PREMIUM NORORIENTE,GERENTE PREMIUM 11  ,No Aplica,,,
0980,04,,007,003,ANT-OCC-TOLIMA      ,DIRECCION ANTIOQUIA Y EJE,URABA-MPIOS ANTIOQ  ,GZ MUNICIPOS DE ANTIOQUIA,SAN PEDRO DE LOS MIL,No Aplica,,,
0981,04,,004,002,ANT-OCC-TOLIMA      ,DIRECCION ANTIOQUIA Y EJE, QUINDIO-CHOCO       ,GZ EJE CAFETERO,CENT COMER UNIC ARME,No Aplica,,,
0985,37,,006,,DIR BANCA PREMIUM   ,DIRECCION BANCA PREMIUM, PREMIUM NORORIENTE  ,GZ PREMIUM NORORIENTE,PREMIUM CABECERA    ,No Aplica,,,
0986,37,,006,,DIR BANCA PREMIUM   ,DIRECCION BANCA PREMIUM, PREMIUM NORORIENTE  ,GZ PREMIUM NORORIENTE,GERENCIA PREMIUM 12 ,No Aplica,,,
0987,37,,006,,DIR BANCA PREMIUM   ,DIRECCION BANCA PREMIUM, PREMIUM NORORIENTE  ,GZ PREMIUM NORORIENTE,GERENCIA PREMIUM 13 ,No Aplica,,,
0992,37,,005,,DIR BANCA PREMIUM   ,DIRECCION BANCA PREMIUM, PREMIUM ANTQ-OCCIDE ,GZ PREMIUM ANTQ-EJECAF,GERENTE PREMIUM 14  ,No Aplica,,,
0993,08,,001,005,CENTRAL             ,DIRECCION CENTRAL, BOYACA              ,GZ TERRITORIOS ORIENTE COLOMBIANO,VILLANUEVA          ,No Aplica,,,
1004,41,42,001,004,DIR PREFERENTE      ,DIRECCION CAPITAL, Z. PREFERENTE BTA 1 ,GZ PREFERENTE BTA 1,G. PREFERENTE 1004  ,No Aplica,,,
1005,41,42,001,004,DIR PREFERENTE      ,DIRECCION CAPITAL, Z. PREFERENTE BTA 1 ,GZ PREFERENTE BTA 1,G. PREFERENTE 1005  ,No Aplica,,,
1006,41,42,001,004,DIR PREFERENTE      ,DIRECCION CAPITAL, Z. PREFERENTE BTA 1 ,GZ PREFERENTE BTA 1,G. PREFERENTE 1006  ,No Aplica,,,
1007,41,42,001,004,DIR PREFERENTE      ,DIRECCION CAPITAL, Z. PREFERENTE BTA 1 ,GZ PREFERENTE BTA 1,G. PREFERENTE 1007  ,No Aplica,,,
1008,41,42,001,004,DIR PREFERENTE      ,DIRECCION CAPITAL, Z. PREFERENTE BTA 1 ,GZ PREFERENTE BTA 1,G. PREFERENTE 1008  ,No Aplica,,,
1009,41,42,001,004,DIR PREFERENTE      ,DIRECCION CAPITAL, Z. PREFERENTE BTA 1 ,GZ PREFERENTE BTA 1,G. PREFERENTE 1009  ,No Aplica,,,
1010,41,42,001,004,DIR PREFERENTE      ,DIRECCION CAPITAL, Z. PREFERENTE BTA 1 ,GZ PREFERENTE BTA 1,G. PREFERENTE 1010  ,No Aplica,,,
1011,41,42,001,004,DIR PREFERENTE      ,DIRECCION CAPITAL, Z. PREFERENTE BTA 1 ,GZ PREFERENTE BTA 1,G. PREFERENTE 1011  ,No Aplica,,,
1012,41,42,001,004,DIR PREFERENTE      ,DIRECCION CAPITAL, Z. PREFERENTE BTA 1 ,GZ PREFERENTE BTA 1,G. PREFERENTE 1012  ,No Aplica,,,
1013,41,42,001,004,DIR PREFERENTE      ,DIRECCION CAPITAL, Z. PREFERENTE BTA 1 ,GZ PREFERENTE BTA 1,G. PREFERENTE 1013  ,No Aplica,,,
1014,41,42,001,004,DIR PREFERENTE      ,DIRECCION CAPITAL, Z. PREFERENTE BTA 1 ,GZ PREFERENTE BTA 1,G. PREFERENTE 1014  ,No Aplica,,,
1015,41,42,001,004,DIR PREFERENTE      ,DIRECCION CAPITAL, Z. PREFERENTE BTA 1 ,GZ PREFERENTE BTA 1,G. PREFERENTE 1015  ,No Aplica,,,
1016,41,42,001,004,DIR PREFERENTE      ,DIRECCION CAPITAL, Z. PREFERENTE BTA 1 ,GZ PREFERENTE BTA 1,G. PREFERENTE 1016  ,No Aplica,,,
1021,37,,001,002,DIR BANCA PREMIUM   ,DIRECCION BANCA PREMIUM, PREMIUM BTA 1    ,GZ PREMIUM BTA 2,GERENCIA PREMIUM 38 ,No Aplica,,,
1022,37,,001,002,DIR BANCA PREMIUM   ,DIRECCION BANCA PREMIUM, PREMIUM BTA 1    ,GZ PREMIUM BTA 2,GERENCIA PREMIUM 39 ,No Aplica,,,
1023,37,,005,,DIR BANCA PREMIUM   ,DIRECCION BANCA PREMIUM, PREMIUM ANTQ-OCCIDE ,GZ PREMIUM ANTQ-EJECAF,GERENCIA PREMIUM 43 ,No Aplica,,,
1026,37,,006,,DIR BANCA PREMIUM   ,DIRECCION BANCA PREMIUM, PREMIUM NORORIENTE  ,GZ PREMIUM NORORIENTE,GERENCIA PREMIUM 46 ,No Aplica,,,
1027,37,,006,,DIR BANCA PREMIUM   ,DIRECCION BANCA PREMIUM, PREMIUM NORORIENTE  ,GZ PREMIUM NORORIENTE,GERENCIA PREMIUM 47 ,No Aplica,,,
1028,37,,005,007,DIR BANCA PREMIUM   ,DIRECCION BANCA PREMIUM, PREMIUM ANTQ-OCCIDE ,GZ PREMIUM OCCIDENTE,GCIA PREMIUM 48     ,No Aplica,,,
1029,37,,005,007,DIR BANCA PREMIUM   ,DIRECCION BANCA PREMIUM, PREMIUM ANTQ-OCCIDE ,GZ PREMIUM OCCIDENTE,GCIA PREMIUM 49     ,No Aplica,,,
1046,37,,005,007,BANCA PREMIUM       ,DIRECCION BANCA PREMIUM, PREMIUM ANTQ-OCCIDE ,GZ PREMIUM OCCIDENTE,GERENCIA PREMIUM 58,No Aplica,,,
1047,37,,002,,BANCA PREMIUM       ,DIRECCION BANCA PREMIUM, PREMIUM BTA 2    ,GZ PREMIUM BTA 2,GERENCIA PREMIUM 59,No Aplica,,,
1048,37,,002,004,BANCA PREMIUM       ,DIRECCION BANCA PREMIUM, PREMIUM BTA 2    ,GZ PREMIUM BTA 3,GERENCIA PREMIUM 60,No Aplica,,,
1049,37,,001,,BANCA PREMIUM       ,DIRECCION BANCA PREMIUM, PREMIUM BTA 1    ,GZ PREMIUM BTA 1,GERENCIA PREMIUM 61,No Aplica,,,
1050,37,,001,,BANCA PREMIUM       ,DIRECCION BANCA PREMIUM, PREMIUM BTA 1    ,GZ PREMIUM BTA 1,GERENCIA PREMIUM 62,No Aplica,,,
1051,37,,006,,DIR BANCA PREMIUM   ,DIRECCION BANCA PREMIUM, PREMIUM NORORIENTE  ,GZ PREMIUM NORORIENTE,GERENCIA PREMIUM 51 ,No Aplica,,,
1052,37,,006,,DIR BANCA PREMIUM   ,DIRECCION BANCA PREMIUM, PREMIUM NORORIENTE  ,GZ PREMIUM NORORIENTE,GERENCIA PREMIUM 52 ,No Aplica,,,
1053,37,,005,,DIR BANCA PREMIUM   ,DIRECCION BANCA PREMIUM, PREMIUM ANTQ-OCCIDE ,GZ PREMIUM ANTQ-EJECAF,GERENCIA PREMIUM 53 ,No Aplica,,,
1054,37,,005,,DIR BANCA PREMIUM   ,DIRECCION BANCA PREMIUM, PREMIUM ANTQ-OCCIDE ,GZ PREMIUM ANTQ-EJECAF,GERENCIA PREMIUM 54 ,No Aplica,,,
1056,37,,006,,DIR BANCA PREMIUM   ,DIRECCION BANCA PREMIUM, PREMIUM NORORIENTE  ,GZ PREMIUM NORORIENTE,GCIA PREMIUM 55     ,No Aplica,,,
1057,37,,006,,BANCA PREMIUM       ,DIRECCION BANCA PREMIUM, PREMIUM NORORIENTE  ,GZ PREMIUM NORORIENTE,GERENCIA PREMIUM 56,No Aplica,,,
1058,37,,001,,BANCA PREMIUM       ,DIRECCION BANCA PREMIUM, PREMIUM BTA 1    ,GZ PREMIUM BTA 1,GERENCIA PREMIUM 57,No Aplica,,,
1059,37,,005,,BANCA PREMIUM       ,DIRECCION BANCA PREMIUM, PREMIUM ANTQ-OCCIDE ,GZ PREMIUM ANTQ-EJECAF,GERENCIA PREMIUM 63,No Aplica,,,
1060,37,,005,,BANCA PREMIUM       ,DIRECCION BANCA PREMIUM, PREMIUM ANTQ-OCCIDE ,GZ PREMIUM ANTQ-EJECAF,GERENCIA PREMIUM 64,No Aplica,,,
1061,37,,005,,BANCA PREMIUM       ,DIRECCION BANCA PREMIUM, PREMIUM ANTQ-OCCIDE ,GZ PREMIUM ANTQ-EJECAF,GERENCIA PREMIUM 65,No Aplica,,,
1062,37,,001,,BANCA PREMIUM       ,DIRECCION BANCA PREMIUM, PREMIUM BTA 1    ,GZ PREMIUM BTA 1,GERENCIA PREMIUM 66,No Aplica,,,
1064,37,,005,007,BANCA PREMIUM       ,DIRECCION BANCA PREMIUM, PREMIUM ANTQ-OCCIDE ,GZ PREMIUM OCCIDENTE,GERENCIA PREMIUM 67,No Aplica,,,
1071,37,,001,,BANCA PREMIUM       ,DIRECCION BANCA PREMIUM, PREMIUM BTA 1    ,GZ PREMIUM BTA 1,GERENCIA PREMIUM 68,No Aplica,,,
1072,37,,002,004,BANCA PREMIUM       ,DIRECCION BANCA PREMIUM, PREMIUM BTA 2    ,GZ PREMIUM BTA 3,GERENCIA PREMIUM 69,No Aplica,,,
1073,37,,002,,BANCA PREMIUM       ,DIRECCION BANCA PREMIUM, PREMIUM BTA 2    ,GZ PREMIUM BTA 2,GERENCIA PREMIUM 70,No Aplica,,,
1075,37,,002,,BANCA PREMIUM       ,DIRECCION BANCA PREMIUM, PREMIUM BTA 2    ,GZ PREMIUM BTA 2,GERENCIA PREMIUM 71,No Aplica,,,
1076,37,,001,,BANCA PREMIUM       ,DIRECCION BANCA PREMIUM, PREMIUM BTA 1    ,GZ PREMIUM BTA 1,GERENCIA PREMIUM 72,No Aplica,,,
1077,37,,002,004,BANCA PREMIUM       ,DIRECCION BANCA PREMIUM, PREMIUM BTA 2    ,GZ PREMIUM BTA 3,GERENCIA PREMIUM 73,No Aplica,,,
1078,37,,002,004,BANCA PREMIUM       ,DIRECCION BANCA PREMIUM, PREMIUM BTA 2    ,GZ PREMIUM BTA 3,GERENCIA PREMIUM 74,No Aplica,,,
1079,37,,002,004,BANCA PREMIUM       ,DIRECCION BANCA PREMIUM, PREMIUM BTA 2    ,GZ PREMIUM BTA 3,GERENCIA PREMIUM 75,No Aplica,,,
1080,37,,006,,BANCA PREMIUM       ,DIRECCION BANCA PREMIUM, PREMIUM NORORIENTE  ,GZ PREMIUM NORORIENTE,GERENCIA PREMIUM 76,No Aplica,,,
1087,41,42,002,005,DIR PREFERENTE      ,DIRECCION CAPITAL, Z. PREFERENTE BTA 2 ,GZ PREFERENTE BTA 2,G. PREFERENTE 1087  ,No Aplica,,,
1088,41,42,002,005,DIR PREFERENTE      ,DIRECCION CAPITAL, Z. PREFERENTE BTA 2 ,GZ PREFERENTE BTA 2,G. PREFERENTE 1088  ,No Aplica,,,
1089,41,42,002,005,DIR PREFERENTE      ,DIRECCION CAPITAL, Z. PREFERENTE BTA 2 ,GZ PREFERENTE BTA 2,G. PREFERENTE 1089  ,No Aplica,,,
1090,41,42,002,005,DIR PREFERENTE      ,DIRECCION CAPITAL, Z. PREFERENTE BTA 2 ,GZ PREFERENTE BTA 2,G. PREFERENTE 1090  ,No Aplica,,,
1091,41,42,002,005,DIR PREFERENTE      ,DIRECCION CAPITAL, Z. PREFERENTE BTA 2 ,GZ PREFERENTE BTA 2,G. PREFERENTE 1091  ,No Aplica,,,
1092,41,42,002,005,DIR PREFERENTE      ,DIRECCION CAPITAL, Z. PREFERENTE BTA 2 ,GZ PREFERENTE BTA 2,G. PREFERENTE 1092  ,No Aplica,,,
1093,41,42,002,005,DIR PREFERENTE      ,DIRECCION CAPITAL, Z. PREFERENTE BTA 2 ,GZ PREFERENTE BTA 2,G. PREFERENTE 1093  ,No Aplica,,,
1094,41,42,002,005,DIR PREFERENTE      ,DIRECCION CAPITAL, Z. PREFERENTE BTA 2 ,GZ PREFERENTE BTA 2,G. PREFERENTE 1094  ,No Aplica,,,
1095,41,42,002,005,DIR PREFERENTE      ,DIRECCION CAPITAL, Z. PREFERENTE BTA 2 ,GZ PREFERENTE BTA 2,G. PREFERENTE 1095  ,No Aplica,,,
1096,41,42,002,005,DIR PREFERENTE      ,DIRECCION CAPITAL, Z. PREFERENTE BTA 2 ,GZ PREFERENTE BTA 2,G. PREFERENTE 1096  ,No Aplica,,,
1097,41,42,002,005,DIR PREFERENTE      ,DIRECCION CAPITAL, Z. PREFERENTE BTA 2 ,GZ PREFERENTE BTA 2,G. PREFERENTE 1097  ,No Aplica,,,
1098,41,42,002,005,DIR PREFERENTE      ,DIRECCION CAPITAL, Z. PREFERENTE BTA 2 ,GZ PREFERENTE BTA 2,G. PREFERENTE 1098  ,No Aplica,,,
1099,41,42,002,005,DIR PREFERENTE      ,DIRECCION CAPITAL, Z. PREFERENTE BTA 2 ,GZ PREFERENTE BTA 2,G. PREFERENTE 1099  ,No Aplica,,,
1100,41,42,003,006,DIR PREFERENTE      ,DIRECCION CAPITAL, Z. PREFERENTE BTA 3 ,GZ PREFERENTE BTA 3,G. PREFERENTE 1100  ,No Aplica,,,
1101,41,42,003,006,DIR PREFERENTE      ,DIRECCION CAPITAL, Z. PREFERENTE BTA 3 ,GZ PREFERENTE BTA 3,G. PREFERENTE 1101  ,No Aplica,,,
1102,41,42,003,006,DIR PREFERENTE      ,DIRECCION CAPITAL, Z. PREFERENTE BTA 3 ,GZ PREFERENTE BTA 3,G. PREFERENTE 1102  ,No Aplica,,,
1103,41,42,003,006,DIR PREFERENTE      ,DIRECCION CAPITAL, Z. PREFERENTE BTA 3 ,GZ PREFERENTE BTA 3,G. PREFERENTE 1103  ,No Aplica,,,
1104,41,42,003,006,DIR PREFERENTE      ,DIRECCION CAPITAL, Z. PREFERENTE BTA 3 ,GZ PREFERENTE BTA 3,G. PREFERENTE 1104  ,No Aplica,,,
1105,41,42,003,006,DIR PREFERENTE      ,DIRECCION CAPITAL, Z. PREFERENTE BTA 3 ,GZ PREFERENTE BTA 3,G. PREFERENTE 1105  ,No Aplica,,,
1106,41,42,003,006,DIR PREFERENTE      ,DIRECCION CAPITAL, Z. PREFERENTE BTA 3 ,GZ PREFERENTE BTA 3,G. PREFERENTE 1106  ,No Aplica,,,
1107,41,42,003,006,DIR PREFERENTE      ,DIRECCION CAPITAL, Z. PREFERENTE BTA 3 ,GZ PREFERENTE BTA 3,G. PREFERENTE 1107  ,No Aplica,,,
1108,41,42,003,006,DIR PREFERENTE      ,DIRECCION CAPITAL, Z. PREFERENTE BTA 3 ,GZ PREFERENTE BTA 3,G. PREFERENTE 1108  ,No Aplica,,,
1109,41,42,003,006,DIR PREFERENTE      ,DIRECCION CAPITAL, Z. PREFERENTE BTA 3 ,GZ PREFERENTE BTA 3,G. PREFERENTE 1109  ,No Aplica,,,
1110,41,42,003,006,DIR PREFERENTE      ,DIRECCION CAPITAL, Z. PREFERENTE BTA 3 ,GZ PREFERENTE BTA 3,G. PREFERENTE 1110  ,No Aplica,,,
1111,41,42,003,006,DIR PREFERENTE      ,DIRECCION CAPITAL, Z. PREFERENTE BTA 3 ,GZ PREFERENTE BTA 3,G. PREFERENTE 1111  ,No Aplica,,,
1112,41,42,003,006,DIR PREFERENTE      ,DIRECCION CAPITAL, Z. PREFERENTE BTA 3 ,GZ PREFERENTE BTA 3,G. PREFERENTE 1112  ,No Aplica,,,
1113,37,,006,,BANCA PREMIUM       ,DIRECCION BANCA PREMIUM, PREMIUM NORORIENTE  ,GZ PREMIUM NORORIENTE,GERENCIA PREMIUM 77,No Aplica,,,
1114,37,,001,,BANCA PREMIUM       ,DIRECCION BANCA PREMIUM, PREMIUM BTA 1    ,GZ PREMIUM BTA 1,GERENCIA PREMIUM 78,No Aplica,,,
1115,37,,006,,BANCA PREMIUM       ,DIRECCION BANCA PREMIUM, PREMIUM NORORIENTE  ,GZ PREMIUM NORORIENTE,GERENCIA PREMIUM 79,No Aplica,,,
1116,37,,001,,BANCA PREMIUM       ,DIRECCION BANCA PREMIUM, PREMIUM BTA 1    ,GZ PREMIUM BTA 1,GERENCIA PREMIUM 80,No Aplica,,,
1118,37,,001,,BANCA PREMIUM       ,DIRECCION BANCA PREMIUM, PREMIUM BTA 1    ,GZ PREMIUM BTA 1,GERENCIA PREMIUM 81,No Aplica,,,
1119,37,,001,,BANCA PREMIUM       ,DIRECCION BANCA PREMIUM, PREMIUM BTA 1    ,GZ PREMIUM BTA 1,GERENCIA PREMIUM 82,No Aplica,,,
1120,37,,001,002,BANCA PREMIUM       ,DIRECCION BANCA PREMIUM, PREMIUM BTA 1    ,GZ PREMIUM BTA 2,GERENCIA PREMIUM 83,No Aplica,,,
1121,37,,001,002,BANCA PREMIUM       ,DIRECCION BANCA PREMIUM, PREMIUM BTA 1    ,GZ PREMIUM BTA 2,GERENCIA PREMIUM 84,No Aplica,,,
1122,37,,006,,BANCA PREMIUM       ,DIRECCION BANCA PREMIUM, PREMIUM NORORIENTE  ,GZ PREMIUM NORORIENTE,GERENCIA PREMIUM 85,No Aplica,,,
1123,37,,006,,BANCA PREMIUM       ,DIRECCION BANCA PREMIUM, PREMIUM NORORIENTE  ,GZ PREMIUM NORORIENTE,GERENCIA PREMIUM 86,No Aplica,,,
1124,37,,005,007,BANCA PREMIUM       ,DIRECCION BANCA PREMIUM, PREMIUM ANTQ-OCCIDE ,GZ PREMIUM OCCIDENTE,GERENCIA PREMIUM 87,No Aplica,,,
1130,37,,005,007,BANCA PREMIUM       ,DIRECCION BANCA PREMIUM, PREMIUM ANTQ-OCCIDE ,GZ PREMIUM OCCIDENTE,GERENCIA PREMIUM 88,No Aplica,,,
1135,37,,005,007,BANCA PREMIUM       ,DIRECCION BANCA PREMIUM, PREMIUM ANTQ-OCCIDE ,GZ PREMIUM OCCIDENTE,GERENCIA PREMIUM 89,No Aplica,,,
1137,37,,005,,BANCA PREMIUM       ,DIRECCION BANCA PREMIUM, PREMIUM ANTQ-OCCIDE ,GZ PREMIUM ANTQ-EJECAF,GERENCIA PREMIUM 90,No Aplica,,,
1138,37,,005,,BANCA PREMIUM       ,DIRECCION BANCA PREMIUM, PREMIUM ANTQ-OCCIDE ,GZ PREMIUM ANTQ-EJECAF,GERENCIA PREMIUM 91,No Aplica,,,
1139,37,,005,,BANCA PREMIUM       ,DIRECCION BANCA PREMIUM, PREMIUM ANTQ-OCCIDE ,GZ PREMIUM ANTQ-EJECAF,GERENCIA PREMIUM 92,No Aplica,,,
1259,41,42,004,007,DIR PREFERENTE      ,DIRECCION CAPITAL, Z. PREFERENTE BTA 4 ,GZ PREFERENTE BTA 4,G. PREFERENTE 1259  ,No Aplica,,,
1260,41,42,004,007,DIR PREFERENTE      ,DIRECCION CAPITAL, Z. PREFERENTE BTA 4 ,GZ PREFERENTE BTA 4,G. PREFERENTE 1260  ,No Aplica,,,
1261,41,42,004,007,DIR PREFERENTE      ,DIRECCION CAPITAL, Z. PREFERENTE BTA 4 ,GZ PREFERENTE BTA 4,G. PREFERENTE 1261  ,No Aplica,,,
1262,41,42,004,007,DIR PREFERENTE      ,DIRECCION CAPITAL, Z. PREFERENTE BTA 4 ,GZ PREFERENTE BTA 4,G. PREFERENTE 1262  ,No Aplica,,,
1263,41,42,004,007,DIR PREFERENTE      ,DIRECCION CAPITAL, Z. PREFERENTE BTA 4 ,GZ PREFERENTE BTA 4,G. PREFERENTE 1263  ,No Aplica,,,
1264,41,42,004,007,DIR PREFERENTE      ,DIRECCION CAPITAL, Z. PREFERENTE BTA 4 ,GZ PREFERENTE BTA 4,G. PREFERENTE 1264  ,No Aplica,,,
1265,41,42,004,007,DIR PREFERENTE      ,DIRECCION CAPITAL, Z. PREFERENTE BTA 4 ,GZ PREFERENTE BTA 4,G. PREFERENTE 1265  ,No Aplica,,,
1266,41,42,004,007,DIR PREFERENTE      ,DIRECCION CAPITAL, Z. PREFERENTE BTA 4 ,GZ PREFERENTE BTA 4,G. PREFERENTE 1266  ,No Aplica,,,
1267,41,42,004,007,DIR PREFERENTE      ,DIRECCION CAPITAL, Z. PREFERENTE BTA 4 ,GZ PREFERENTE BTA 4,G. PREFERENTE 1267  ,No Aplica,,,
1268,41,42,004,007,DIR PREFERENTE      ,DIRECCION CAPITAL, Z. PREFERENTE BTA 4 ,GZ PREFERENTE BTA 4,G. PREFERENTE 1268  ,No Aplica,,,
1269,41,42,004,007,DIR PREFERENTE      ,DIRECCION CAPITAL, Z. PREFERENTE BTA 4 ,GZ PREFERENTE BTA 4,G. PREFERENTE 1269  ,No Aplica,,,
1270,41,42,004,007,DIR PREFERENTE      ,DIRECCION CAPITAL, Z. PREFERENTE BTA 4 ,GZ PREFERENTE BTA 4,G. PREFERENTE 1270  ,No Aplica,,,
1271,41,42,004,007,DIR PREFERENTE      ,DIRECCION CAPITAL, Z. PREFERENTE BTA 4 ,GZ PREFERENTE BTA 4,G. PREFERENTE 1271  ,No Aplica,,,
1272,41,42,004,007,DIR PREFERENTE      ,DIRECCION CAPITAL, Z. PREFERENTE BTA 4 ,GZ PREFERENTE BTA 4,G. PREFERENTE 1272  ,No Aplica,,,
1273,41,42,005,008,DIR PREFERENTE      ,DIRECCION CAPITAL, Z. PREFERENTE BTA 5 ,GZ PREFERENTE BTA 5,G. PREFERENTE 1273  ,No Aplica,,,
1274,41,42,005,008,DIR PREFERENTE      ,DIRECCION CAPITAL, Z. PREFERENTE BTA 5 ,GZ PREFERENTE BTA 5,G. PREFERENTE 1274  ,No Aplica,,,
1275,41,42,005,008,DIR PREFERENTE      ,DIRECCION CAPITAL, Z. PREFERENTE BTA 5 ,GZ PREFERENTE BTA 5,G. PREFERENTE 1275  ,No Aplica,,,
1276,41,42,005,008,DIR PREFERENTE      ,DIRECCION CAPITAL, Z. PREFERENTE BTA 5 ,GZ PREFERENTE BTA 5,G. PREFERENTE 1276  ,No Aplica,,,
1277,41,42,005,008,DIR PREFERENTE      ,DIRECCION CAPITAL, Z. PREFERENTE BTA 5 ,GZ PREFERENTE BTA 5,G. PREFERENTE 1277  ,No Aplica,,,
1278,41,42,005,008,DIR PREFERENTE      ,DIRECCION CAPITAL, Z. PREFERENTE BTA 5 ,GZ PREFERENTE BTA 5,G. PREFERENTE 1278  ,No Aplica,,,
1279,41,42,005,008,DIR PREFERENTE      ,DIRECCION CAPITAL, Z. PREFERENTE BTA 5 ,GZ PREFERENTE BTA 5,G. PREFERENTE 1279  ,No Aplica,,,
1280,41,42,005,008,DIR PREFERENTE      ,DIRECCION CAPITAL, Z. PREFERENTE BTA 5 ,GZ PREFERENTE BTA 5,G. PREFERENTE 1280  ,No Aplica,,,
1281,41,42,005,008,DIR PREFERENTE      ,DIRECCION CAPITAL, Z. PREFERENTE BTA 5 ,GZ PREFERENTE BTA 5,G. PREFERENTE 1281  ,No Aplica,,,
1282,41,42,005,008,DIR PREFERENTE      ,DIRECCION CAPITAL, Z. PREFERENTE BTA 5 ,GZ PREFERENTE BTA 5,G. PREFERENTE 1282  ,No Aplica,,,
1283,41,42,005,008,DIR PREFERENTE      ,DIRECCION CAPITAL, Z. PREFERENTE BTA 5 ,GZ PREFERENTE BTA 5,G. PREFERENTE 1283  ,No Aplica,,,
1284,41,42,005,008,DIR PREFERENTE      ,DIRECCION CAPITAL, Z. PREFERENTE BTA 5 ,GZ PREFERENTE BTA 5,G. PREFERENTE 1284  ,No Aplica,,,
1285,41,42,005,008,DIR PREFERENTE      ,DIRECCION CAPITAL, Z. PREFERENTE BTA 5 ,GZ PREFERENTE BTA 5,G. PREFERENTE 1285  ,No Aplica,,,
1286,41,42,005,008,DIR PREFERENTE      ,DIRECCION CAPITAL, Z. PREFERENTE BTA 5 ,GZ PREFERENTE BTA 5,G. PREFERENTE 1286  ,No Aplica,,,
1342,41,,006,008,DIR PREFERENTE      ,DIRECCION ORIENTE, Z.PREFERENTE BMANGA ,GZ BUCARAMANGA,G. PREFERENTE 1342  ,No Aplica,,,
1343,41,,006,008,DIR PREFERENTE      ,DIRECCION ORIENTE, Z.PREFERENTE BMANGA ,GZ BUCARAMANGA,G. PREFERENTE 1343  ,No Aplica,,,
1344,41,,006,008,DIR PREFERENTE      ,DIRECCION ORIENTE, Z.PREFERENTE BMANGA ,GZ BUCARAMANGA,G. PREFERENTE 1344  ,No Aplica,,,
1345,41,,006,008,DIR PREFERENTE      ,DIRECCION ORIENTE, Z.PREFERENTE BMANGA ,GZ BUCARAMANGA,G. PREFERENTE 1345  ,No Aplica,,,
1346,41,,006,008,DIR PREFERENTE      ,DIRECCION ORIENTE, Z.PREFERENTE BMANGA ,GZ BUCARAMANGA,G. PREFERENTE 1346  ,No Aplica,,,
1347,41,,006,008,DIR PREFERENTE      ,DIRECCION ORIENTE, Z.PREFERENTE BMANGA ,GZ BUCARAMANGA,G. PREFERENTE 1347  ,No Aplica,,,
1348,41,,006,008,DIR PREFERENTE      ,DIRECCION ORIENTE, Z.PREFERENTE BMANGA ,GZ BUCARAMANGA,G. PREFERENTE 1348  ,No Aplica,,,
1349,41,,006,008,DIR PREFERENTE      ,DIRECCION ORIENTE, Z.PREFERENTE BMANGA ,GZ BUCARAMANGA,G. PREFERENTE 1349  ,No Aplica,,,
1350,41,06,007,004,DIR PREFERENTE      ,DIRECCION CARIBE, Z.PREFERENTE BQUILLA,GZ PREFERENTE B/QUILLA C/GENA Y STA MTA,G. PREFERENTE 1350  ,No Aplica,,,
1351,41,06,007,004,DIR PREFERENTE      ,DIRECCION CARIBE,Z.PREFERENTE BQUILLA,GZ PREFERENTE B/QUILLA C/GENA Y STA MTA,G. PREFERENTE 1351  ,No Aplica,,,
1352,41,06,007,004,DIR PREFERENTE      ,DIRECCION CARIBE,Z.PREFERENTE BQUILLA,GZ PREFERENTE B/QUILLA C/GENA Y STA MTA,G. PREFERENTE 1352  ,No Aplica,,,
1353,41,06,007,004,DIR PREFERENTE      ,DIRECCION CARIBE,Z.PREFERENTE BQUILLA,GZ PREFERENTE B/QUILLA C/GENA Y STA MTA,G. PREFERENTE 1353  ,No Aplica,,,
1354,41,06,007,004,DIR PREFERENTE      ,DIRECCION CARIBE,Z.PREFERENTE BQUILLA,GZ PREFERENTE B/QUILLA C/GENA Y STA MTA,G. PREFERENTE 1354  ,No Aplica,,,
1355,41,06,007,004,DIR PREFERENTE      ,DIRECCION CARIBE,Z.PREFERENTE BQUILLA,GZ PREFERENTE B/QUILLA C/GENA Y STA MTA,G. PREFERENTE 1355  ,No Aplica,,,
1356,41,06,007,004,DIR PREFERENTE      ,DIRECCION CARIBE,Z.PREFERENTE BQUILLA,GZ PREFERENTE B/QUILLA C/GENA Y STA MTA,G. PREFERENTE 1356  ,No Aplica,,,
1357,41,06,007,004,DIR PREFERENTE      ,DIRECCION CARIBE,Z.PREFERENTE BQUILLA,GZ PREFERENTE B/QUILLA C/GENA Y STA MTA,G. PREFERENTE 1357  ,No Aplica,,,
1555,37,,002,,DIR BANCA PREMIUM   ,DIRECCION BANCA PREMIUM, PREMIUM BTA 2    ,GZ PREMIUM BTA 2,GERENTE PREMIUM 1   ,No Aplica,,,
1559,37,,002,,DIR BANCA PREMIUM   ,DIRECCION BANCA PREMIUM, PREMIUM BTA 2    ,GZ PREMIUM BTA 2,GERENTE PREMIUM 2   ,No Aplica,,,
1561,37,,002,,DIR BANCA PREMIUM   ,DIRECCION BANCA PREMIUM, PREMIUM BTA 2    ,GZ PREMIUM BTA 2,GERENTE PREMIUM 3   ,No Aplica,,,
1563,37,,002,,DIR BANCA PREMIUM   ,DIRECCION BANCA PREMIUM, PREMIUM BTA 2    ,GZ PREMIUM BTA 2,GERENTE PREMIUM 4   ,No Aplica,,,
1567,37,,002,004,DIR BANCA PREMIUM   ,DIRECCION BANCA PREMIUM, PREMIUM BTA 2    ,GZ PREMIUM BTA 3,GERENTE PREMIUM 24  ,No Aplica,,,
1579,37,,001,,DIR BANCA PREMIUM   ,DIRECCION BANCA PREMIUM, PREMIUM BTA 1    ,GZ PREMIUM BTA 1,GERENTE PREMIUM 15  ,No Aplica,,,
1595,41,07,008,003,DIR PREFERENTE      ,DIRECCION OCCIDENTE,Z.PREFERENTE CALI   ,GZ PREFERENTE CALI,G. PREFERENTE 1595  ,No Aplica,,,
1596,41,07,008,003,DIR PREFERENTE      ,DIRECCION OCCIDENTE, Z.PREFERENTE CALI   ,GZ PREFERENTE CALI,G. PREFERENTE 1596  ,No Aplica,,,
1597,41,07,008,003,DIR PREFERENTE      ,DIRECCION OCCIDENTE, Z.PREFERENTE CALI   ,GZ PREFERENTE CALI,G. PREFERENTE 1597  ,No Aplica,,,
1598,41,07,008,003,DIR PREFERENTE      ,DIRECCION OCCIDENTE, Z.PREFERENTE CALI   ,GZ PREFERENTE CALI,G. PREFERENTE 1598  ,No Aplica,,,
1599,41,07,008,003,DIR PREFERENTE      ,DIRECCION OCCIDENTE, Z.PREFERENTE CALI   ,GZ PREFERENTE CALI,G. PREFERENTE 1599  ,No Aplica,,,
1600,41,07,008,003,DIR PREFERENTE      ,DIRECCION OCCIDENTE, Z.PREFERENTE CALI   ,GZ PREFERENTE CALI,G. PREFERENTE 1600  ,No Aplica,,,
1601,41,07,008,003,DIR PREFERENTE      ,DIRECCION OCCIDENTE, Z.PREFERENTE CALI   ,GZ PREFERENTE CALI,G. PREFERENTE 1601  ,No Aplica,,,
1602,41,07,008,003,DIR PREFERENTE      ,DIRECCION OCCIDENTE, Z.PREFERENTE CALI   ,GZ PREFERENTE CALI,G. PREFERENTE 1602  ,No Aplica,,,
1603,41,07,008,003,DIR PREFERENTE      ,DIRECCION OCCIDENTE, Z.PREFERENTE CALI   ,GZ PREFERENTE CALI,G. PREFERENTE 1603  ,No Aplica,,,
1604,41,07,008,003,DIR PREFERENTE      ,DIRECCION OCCIDENTE, Z.PREFERENTE CALI   ,GZ PREFERENTE CALI,G. PREFERENTE 1604  ,No Aplica,,,
1605,41,07,008,003,DIR PREFERENTE      ,DIRECCION OCCIDENTE, Z.PREFERENTE CALI   ,GZ PREFERENTE CALI,G. PREFERENTE 1605  ,No Aplica,,,
1606,41,07,008,003,DIR PREFERENTE      ,DIRECCION OCCIDENTE, Z.PREFERENTE CALI   ,GZ PREFERENTE CALI,G. PREFERENTE 1606  ,No Aplica,,,
1607,41,07,008,003,DIR PREFERENTE      ,DIRECCION OCCIDENTE, Z.PREFERENTE CALI   ,GZ PREFERENTE CALI,G. PREFERENTE 1607  ,No Aplica,,,
1608,41,07,008,003,DIR PREFERENTE      ,DIRECCION OCCIDENTE, Z.PREFERENTE CALI   ,GZ PREFERENTE CALI,G. PREFERENTE 1608  ,No Aplica,,,
1609,41,04,009,004,DIR PREFERENTE      ,DIRECCION ANTIOQUIA Y EJE, Z.PREFERENTE MDELL  ,GZ PREFERENTE MEDELLIN,G. PREFERENTE 1609  ,No Aplica,,,
1610,41,04,009,004,DIR PREFERENTE      ,DIRECCION ANTIOQUIA Y EJE, Z.PREFERENTE MDELL  ,GZ PREFERENTE MEDELLIN,G. PREFERENTE 1610  ,No Aplica,,,
1611,41,04,009,004,DIR PREFERENTE      ,DIRECCION ANTIOQUIA Y EJE, Z.PREFERENTE MDELL  ,GZ PREFERENTE MEDELLIN,G. PREFERENTE 1611  ,No Aplica,,,
1612,41,04,009,004,DIR PREFERENTE      ,DIRECCION ANTIOQUIA Y EJE, Z.PREFERENTE MDELL  ,GZ PREFERENTE MEDELLIN,G. PREFERENTE 1612  ,No Aplica,,,
1613,41,04,009,004,DIR PREFERENTE      ,DIRECCION ANTIOQUIA Y EJE, Z.PREFERENTE MDELL  ,GZ PREFERENTE MEDELLIN,G. PREFERENTE 1613  ,No Aplica,,,
1614,41,04,009,004,DIR PREFERENTE      ,DIRECCION ANTIOQUIA Y EJE, Z.PREFERENTE MDELL  ,GZ PREFERENTE MEDELLIN,G. PREFERENTE 1614  ,No Aplica,,,
1615,41,04,009,004,DIR PREFERENTE      ,DIRECCION ANTIOQUIA Y EJE, Z.PREFERENTE MDELL  ,GZ PREFERENTE MEDELLIN,G. PREFERENTE 1615  ,No Aplica,,,
1616,41,04,009,004,DIR PREFERENTE      ,DIRECCION ANTIOQUIA Y EJE, Z.PREFERENTE MDELL  ,GZ PREFERENTE MEDELLIN,G. PREFERENTE 1616  ,No Aplica,,,
1617,41,04,009,004,DIR PREFERENTE      ,DIRECCION ANTIOQUIA Y EJE, Z.PREFERENTE MDELL  ,GZ PREFERENTE MEDELLIN,G. PREFERENTE 1617  ,No Aplica,,,
1618,41,04,009,004,DIR PREFERENTE      ,DIRECCION ANTIOQUIA Y EJE, Z.PREFERENTE MDELL  ,GZ PREFERENTE MEDELLIN,G. PREFERENTE 1618  ,No Aplica,,,
1619,41,04,009,004,DIR PREFERENTE      ,DIRECCION ANTIOQUIA Y EJE, Z.PREFERENTE MDELL  ,GZ PREFERENTE MEDELLIN,G. PREFERENTE 1619  ,No Aplica,,,
1620,41,04,009,004,DIR PREFERENTE      ,DIRECCION ANTIOQUIA Y EJE, Z.PREFERENTE MDELL  ,GZ PREFERENTE MEDELLIN,G. PREFERENTE 1620  ,No Aplica,,,
1621,41,04,009,004,DIR PREFERENTE      ,DIRECCION ANTIOQUIA Y EJE, Z.PREFERENTE MDELL  ,GZ PREFERENTE MEDELLIN,G. PREFERENTE 1621  ,No Aplica,,,
1622,41,04,009,004,DIR PREFERENTE      ,DIRECCION ANTIOQUIA Y EJE, Z.PREFERENTE MDELL  ,GZ PREFERENTE MEDELLIN,G. PREFERENTE 1622  ,No Aplica,,,
1626,37,,001,,DIR BANCA PREMIUM   ,DIRECCION BANCA PREMIUM, PREMIUM BTA 1    ,GZ PREMIUM BTA 1,GERENTE PREMIUM 16  ,No Aplica,,,
1647,37,,002,004,DIR BANCA PREMIUM   ,DIRECCION BANCA PREMIUM, PREMIUM BTA 2    ,GZ PREMIUM BTA 3,GCIA PREMI PYME 25  ,No Aplica,,,
1673,37,,002,004,DIR BANCA PREMIUM   ,DIRECCION BANCA PREMIUM, PREMIUM BTA 2    ,GZ PREMIUM BTA 3,GERENTE PREMIUM 22  ,No Aplica,,,
1745,37,,001,,DIR BANCA PREMIUM   ,DIRECCION BANCA PREMIUM, PREMIUM BTA 1    ,GZ PREMIUM BTA 1,GERENTE PREMIUM 17  ,No Aplica,,,
1813,37,,001,,DIR BANCA PREMIUM   ,DIRECCION BANCA PREMIUM, PREMIUM BTA 1    ,GZ PREMIUM BTA 1,GERENTE PREMIUM 18  ,No Aplica,,,
1997,37,,005,,DIR BANCA PREMIUM   ,DIRECCION BANCA PREMIUM, PREMIUM ANTQ-OCCIDE ,GZ PREMIUM ANTQ-EJECAF,GCIA PREMIUM 27     ,No Aplica,,,
1998,37,,002,004,DIR BANCA PREMIUM   ,DIRECCION BANCA PREMIUM, PREMIUM BTA 2    ,GZ PREMIUM BTA 3,GERENTE PREMIUM 21  ,No Aplica,,,
2001,37,,005,,DIR BANCA PREMIUM   ,DIRECCION BANCA PREMIUM, PREMIUM ANTQ-OCCIDE ,GZ PREMIUM ANTQ-EJECAF,GCIA PREMIUM 28     ,No Aplica,,,
2002,37,,001,,DIR BANCA PREMIUM   ,DIRECCION BANCA PREMIUM, PREMIUM BTA 1    ,GZ PREMIUM BTA 1,GCIA PREMIUM 29     ,No Aplica,,,
2003,37,,001,002,DIR BANCA PREMIUM   ,DIRECCION BANCA PREMIUM, PREMIUM BTA 1    ,GZ PREMIUM BTA 2,GCIA PREMIUM 30     ,No Aplica,,,
2004,37,,001,002,DIR BANCA PREMIUM   ,DIRECCION BANCA PREMIUM, PREMIUM BTA 1    ,GZ PREMIUM BTA 2,GCIA PREMIUM 31     ,No Aplica,,,
2005,37,,006,,DIR BANCA PREMIUM   ,DIRECCION BANCA PREMIUM, PREMIUM NORORIENTE  ,GZ PREMIUM NORORIENTE,GCIA PREMIUM 32     ,No Aplica,,,
2006,37,,006,,DIR BANCA PREMIUM   ,DIRECCION BANCA PREMIUM, PREMIUM NORORIENTE  ,GZ PREMIUM NORORIENTE,GCIA PREMIUM 33     ,No Aplica,,,
2007,37,,005,007,DIR BANCA PREMIUM   ,DIRECCION BANCA PREMIUM, PREMIUM ANTQ-OCCIDE ,GZ PREMIUM OCCIDENTE,GCIA PREMIUM 34     ,No Aplica,,,
2008,37,,005,007,DIR BANCA PREMIUM   ,DIRECCION BANCA PREMIUM, PREMIUM ANTQ-OCCIDE ,GZ PREMIUM OCCIDENTE,GCIA PREMIUM 35     ,No Aplica,,,
2057,37,,001,,DIR BANCA PREMIUM   ,DIRECCION BANCA PREMIUM, PREMIUM BTA 1    ,GZ PREMIUM BTA 1,GCIA PREMIUM 36     ,No Aplica,,,
2058,37,,002,004,DIR BANCA PREMIUM   ,DIRECCION BANCA PREMIUM, PREMIUM BTA 2    ,GZ PREMIUM BTA 3,GCIA PREMIUM 37     ,No Aplica,,,
2090,,,,,,,,GZ Preferente B/quilla C/gena y Sta Mta,Gcia. SAV Cartagena ,,,,
2091,,,,,,,,GZ Preferente B/quilla C/gena y Sta Mta,Gcia. SAV Cartagena ,,,,
2092,,,,,,,,GZ Preferente B/quilla C/gena y Sta Mta,Gcia. SAV Cartagena ,,,,
2093,,,,,,,,GZ Preferente B/quilla C/gena y Sta Mta,Gcia. SAV Santa Marta ,,,,
2094,,,,,,,,GZ Preferente B/quilla C/gena y Sta Mta,Gcia. SAV Santa Marta ,,,,
2095,,,,,,,,GZ Preferente B/quilla C/gena y Sta Mta,Gcia. SAV Santa Marta ,,,,
9064,37,09,000,009,BANCA PREMIUM       ,DIRECCION BANCA PREMIUM, DIR BANCA PREMIUM   ,9926-VIC BANCA DE PERSON,DIR BANCA PREMIUM   ,DIRECCION BANCA PREMIUM,,,
9776,09,,009,,DIRECCION GENERAL   ,DIRECCION OCCIDENTE, 9976-D.NAL.CAN.PERS ,9976-D.NAL.CAN.PERS ,DIR PREFERENTE      ,DIRECCION OCCIDENTE,,,
9777,09,42,009,004,DIRECCION GENERAL   ,DIRECCION CAPITAL, 9776-DIR PREFERENTE ,GZ PREFERENTE BTA 1,Z.PREFERENTE BTA 1  ,GZ PREFERENTE BTA 1,,,
9778,09,42,009,005,DIRECCION GENERAL   ,DIRECCION CAPITAL, 9776-DIR PREFERENTE ,GZ PREFERENTE BTA 2,Z.PREFERENTE BTA 2  ,GZ PREFERENTE BTA 2,,,
9779,09,42,009,006,DIRECCION GENERAL   ,DIRECCION CAPITAL, 9776-DIR PREFERENTE ,GZ PREFERENTE BTA 3,Z.PREFERENTE BTA 3  ,GZ PREFERENTE BTA 3,,,
9780,09,42,009,007,DIRECCION GENERAL   ,DIRECCION CAPITAL, 9776-DIR PREFERENTE ,GZ PREFERENTE BTA 4,Z.PREFERENTE BTA 4  ,GZ PREFERENTE BTA 4,,,
9781,09,42,009,008,DIRECCION GENERAL   ,DIRECCION CAPITAL, 9776-DIR PREFERENTE ,GZ PREFERENTE BTA 5,Z.PREFERENTE BTA 5  ,GZ PREFERENTE BTA 5,,,
9782,09,,009,,DIRECCION GENERAL   ,DIRECCION CAPITAL, 9976-D.NAL.CAN.PERS ,9976-D.NAL.CAN.PERS ,DIR DISTRITOS       ,DIRECCION CAPITAL,,,
9783,09,04,009,004,DIRECCION GENERAL   ,DIRECCION ANTIOQUIA Y EJE, 9776-DIR PREFERENTE ,GZ PREFERENTE MEDELLIN,Z.PREFERENTE MDLLIN ,GZ PREFERENTE MEDELLIN,,,
9784,09,07,009,003,DIRECCION GENERAL   ,DIRECCION OCCIDENTE, 9776-DIR PREFERENTE ,GZ PREFERENTE CALI,Z.PREFERENTE CALI   ,GZ PREFERENTE CALI,,,
9786,09,06,009,004,DIRECCION GENERAL   ,DIRECCION CARIBE, 9776-DIR PREFERENTE ,GZ PREFERENTE B/QUILLA C/GENA Y STA MTA,Z.PREFERENTE BQUILLA,GZ PREFERENTE B/QUILLA C/GENA Y STA MTA,,,
9804,37,,006,,BANCA PREMIUM       ,DIRECCION BANCA PREMIUM, PREMIUM NORORIENTE  ,GZ PREMIUM NORORIENTE,GC ZNA PREMIUM NOROR,GZ PREMIUM NORORIENTE,,,
9806,37,,005,,BANCA PREMIUM       ,DIRECCION BANCA PREMIUM, PREMIUM ANTQ-OCCIDE ,GZ PREMIUM ANTQ-EJECAF,GC ZNA PREMIUM ANTQU,GZ PREMIUM ANTQ-EJECAF,,,
9808,37,,002,,BANCA PREMIUM       ,DIRECCION BANCA PREMIUM, PREMIUM BTA 2    ,GZ PREMIUM BTA 2,GC ZNA PREMIUM BTA 2,GZ PREMIUM BTA 2,,,
9809,37,,001,,BANCA PREMIUM       ,DIRECCION BANCA PREMIUM, PREMIUM BTA 1    ,GZ PREMIUM BTA 1,GC ZNA PREMIUM BTA 1,GZ PREMIUM BTA 1,,,
