COD OFICINA,COD REGION COMERCIAL,COD ZONA COMERCIAL,NOMBRE REGION COMERCIAL,NOMBRE ZONA COMERCIAL,NOMBRE OFICINA
0833,03,006,DIR SEG CORP - INST,GZ Ss No Fros-Corp,GER CORPORATIVO 833
0857,03,002,DIR SEG CORP - INST,GZ Cio y Manuf-Corp,GER CORPORATIVO 857
0858,01,004,DIR SEG EMPRESARIAL,GZ Btá 2A - Emp,GER EMPRESARIA 0858
0859,01,009,DIR SEG EMPRESARIAL,GZ Oriente - Emp,GER EMPRESARIAL 859
0860,03,005,DIR SEG CORP - INST,GZ Infr RecNat-Corp,GER CORPORATIVO 860
0882,01,009,DIR SEG EMPRESARIAL,GZ Oriente - Emp,GER EMPRESARIAL 882
0970,01,001,DIR SEG EMPRESARIAL,GZ Btá 3 - Emp,GER EMPRESARIAL 970
9063,43,002,PYME,DIR SEG PEQUEÑA,GZ Btá 2 - Peq
1034,01,004,DIR SEG EMPRESARIAL,GZ Btá 2A - Emp,GER EMPRESARIA 1034
1035,03,003,DIR SEG CORP - INST,GZ Const Inmob-Corp,GER CORPORATIV 1035
1042,43,009,DIR SEG PEQUEÑA,NORMALIZ,GCIA PEQ NORMALIZ
1043,17,009,DIR SEG MEDIANA,NORMALIZ,GER MED NORMALIZACI
1063,03,001,DIR SEG CORP - INST,GZ Agroind-Corp,GER CORPORATIV 1063
1082,01,002,DIR SEG EMPRESARIAL,GZ Antioquia - Emp,GER EMPRESARIA 1082
1083,03,003,DIR SEG CORP - INST,GZ Const Inmob-Corp,GER CORPORATIV 1083
1084,01,003,DIR SEG EMPRESARIAL,GZ Btá 1 - Emp,GER EMPRESARIA 1084
1086,01,009,DIR SEG EMPRESARIAL,GZ Oriente - Emp,GER EMPRESARIA 1086
1117,01,001,DIR SEG EMPRESARIAL,GZ Btá 3 - Emp,GER EMPRESARIA 1117
1153,17,002,DIR SEG MEDIANA,GZ Btá 4 - Med,GER PYME 1153
1154,17,001,DIR SEG MEDIANA,GZ Btá 3 - Med,GER PYME 1154
1155,43,002,DIR SEG PEQUEÑA,GZ Btá 2 - Peq,GER PYME 1155
1156,43,007,DIR SEG PEQUEÑA,GZ Semill Btá - Peq,GER PYME 1156
1157,01,003,DIR SEG EMPRESARIAL,GZ Btá 1 - Emp,GER EMPRESARIA 1157
1159,01,001,DIR SEG EMPRESARIAL,GZ Btá 3 - Emp,GER EMPRESARIA 1159
1160,17,002,DIR SEG MEDIANA,GZ Btá 4 - Med,GER PYME 1160
1161,17,002,DIR SEG MEDIANA,GZ Btá 4 - Med,GER PYME 1161
1162,01,003,DIR SEG EMPRESARIAL,GZ Btá 1 - Emp,GER EMPRESARIA 1192
1163,03,002,DIR SEG CORP - INST,GZ Cio y Manuf-Corp,GER CORPORATIV 1163
1164,17,002,DIR SEG MEDIANA,GZ Btá 4 - Med,GER PYME 1164
1165,17,002,DIR SEG MEDIANA,GZ Btá 4 - Med,GER PYME 1165
1166,01,005,DIR SEG EMPRESARIAL,GZ Btá 2B - Emp,GER EMPRESARIA 1166
1167,17,002,DIR SEG MEDIANA,GZ Btá 4 - Med,GER PYME 1167
1168,01,005,DIR SEG EMPRESARIAL,GZ Btá 2B - Emp,GER EMPRESARIA 1168
1169,01,003,DIR SEG EMPRESARIAL,GZ Btá 1 - Emp,GER EMPRESARIA 1169
1170,43,003,DIR SEG PEQUEÑA,GZ Btá Sabana - Peq,GER PYME 1170
1172,43,002,DIR SEG PEQUEÑA,GZ Btá 2 - Peq,GER PYME 1172
1173,17,001,DIR SEG MEDIANA,GZ Btá 3 - Med,GER PYME 1173
1174,17,002,DIR SEG MEDIANA,GZ Btá 4 - Med,GER PYME 1174
1175,01,005,DIR SEG EMPRESARIAL,GZ Btá 2B - Emp,GER EMPRESARIA 1175
1176,01,003,DIR SEG EMPRESARIAL,GZ Btá 1 - Emp,GER EMPRESARIA 1176
1178,43,002,DIR SEG PEQUEÑA,GZ Btá 2 - Peq,GER PYME 1178
1179,01,009,DIR SEG EMPRESARIAL,GZ Oriente - Emp,GER EMPRESARIA 1179
1180,17,010,DIR SEG MEDIANA,GZ Construct - Med,GER PYME 1180
1181,17,005,DIR SEG MEDIANA,GZ Ororiente- Med,GER PYME 1181
1182,17,005,DIR SEG MEDIANA,GZ Ororiente- Med,GER PYME 1182
1183,17,004,DIR SEG MEDIANA,GZ Nororiente- Med,GER PYME 1183
1184,01,005,DIR SEG EMPRESARIAL,GZ Btá 2B - Emp,GER EMPRESARIA 1184
1185,01,005,DIR SEG EMPRESARIAL,GZ Btá 2B - Emp,GER EMPRESARIA 1185
1186,01,009,DIR SEG EMPRESARIAL,GZ Oriente - Emp,GER EMPRESARIA 1186
1187,17,003,DIR SEG MEDIANA,GZ Btá Centro - Med,GER PYME 1187
1188,17,004,DIR SEG MEDIANA,GZ Nororiente- Med,GER PYME 1188
1189,01,006,DIR SEG EMPRESARIAL,GZ Costa - Emp,GER EMPRESARIA 1189
1190,01,006,DIR SEG EMPRESARIAL,GZ Costa - Emp,GER EMPRESARIA 1190
1191,17,006,DIR SEG MEDIANA,GZ Costa - Med,GER PYME 1191
1192,01,006,DIR SEG EMPRESARIAL,GZ Costa - Emp,GER EMPRESARIA 1192
1193,17,006,DIR SEG MEDIANA,GZ Costa - Med,GER PYME 1193
1194,17,004,DIR SEG MEDIANA,GZ Nororiente- Med,GER PYME 1194
1196,17,006,DIR SEG MEDIANA,GZ Costa - Med,GER PYME 1196
1197,17,008,DIR SEG MEDIANA,GZ Occidente - Med,GER PYME 1197
1198,17,007,DIR SEG MEDIANA,GZ Antioquia - Med,GER PYME 1198
1199,17,007,DIR SEG MEDIANA,GZ Antioquia - Med,GER PYME 1199
1200,01,002,DIR SEG EMPRESARIAL,GZ Antioquia - Emp,GER EMPRESARIA 1200
1201,17,010,DIR SEG MEDIANA,GZ Construct - Med,GER PYME 1201
1202,01,007,DIR SEG EMPRESARIAL,GZ Antioq Eje-Emp,GER EMPRESARIA 1202
1203,01,007,DIR SEG EMPRESARIAL,GZ Antioq Eje-Emp,GER EMPRESARIA 1203
1204,17,007,DIR SEG MEDIANA,GZ Antioquia - Med,GER PYME 1204
1205,17,007,DIR SEG MEDIANA,GZ Antioquia - Med,GER PYME 1205
1206,01,007,DIR SEG EMPRESARIAL,GZ Antioq Eje-Emp,GER EMPRESARIA 1206
1207,01,002,DIR SEG EMPRESARIAL,GZ Antioquia - Emp,GER EMPRESARIA 1207
1208,01,007,DIR SEG EMPRESARIAL,GZ Antioq Eje-Emp,GER EMPRESARIA 1208
1209,01,008,DIR SEG EMPRESARIAL,GZ Occidente - Emp,GER EMPRESARIA 1209
1210,17,010,DIR SEG MEDIANA,GZ Construct - Med,GER PYME 1210
1211,43,005,DIR SEG PEQUEÑA,GZ Occidente - Peq,GER PYME 1211
1212,43,008,DIR SEG PEQUEÑA,GZ Semill Reg-Peq,GER PYME 1212
1213,01,008,DIR SEG EMPRESARIAL,GZ Occidente - Emp,GER EMPRESARIA 1213
1214,17,008,DIR SEG MEDIANA,GZ Occidente - Med,GER PYME 1214
1215,17,008,DIR SEG MEDIANA,GZ Occidente - Med,GER PYME 1215
1216,01,008,DIR SEG EMPRESARIAL,GZ Occidente - Emp,GER EMPRESARIA 1216
1217,01,008,DIR SEG EMPRESARIAL,GZ Occidente - Emp,GER EMPRESARIA 1217
1227,01,007,DIR SEG EMPRESARIAL,GZ Antioq Eje-Emp,GER EMPRESARIA 1227
1229,17,003,DIR SEG MEDIANA,GZ Btá Centro - Med,GER PYME 1229
1231,43,005,DIR SEG PEQUEÑA,GZ Occidente - Peq,GER PYME 1231
1234,43,005,DIR SEG PEQUEÑA,GZ Occidente - Peq,GER PYME 1234
1288,17,008,DIR SEG MEDIANA,GZ Occidente - Med,GER PYME 1288
1289,43,001,DIR SEG PEQUEÑA,GZ Btá 1 - Peq,GER PYME 1289
1290,43,007,DIR SEG PEQUEÑA,GZ Semill Btá - Peq,GER PYME 1290
1291,17,001,DIR SEG MEDIANA,GZ Btá 3 - Med,GER PYME 1291
1292,43,006,DIR SEG PEQUEÑA,GZ Reactivac-Peq,GER PYME 1292
1293,17,001,DIR SEG MEDIANA,GZ Btá 3 - Med,GER PYME 1293
1294,43,006,DIR SEG PEQUEÑA,GZ Reactivac-Peq,GER PYME 1294
1295,17,001,DIR SEG MEDIANA,GZ Btá 3 - Med,GER PYME 1295
1297,43,006,DIR SEG PEQUEÑA,GZ Reactivac-Peq,GER PYME 1297
1298,43,003,DIR SEG PEQUEÑA,GZ Btá Sabana - Peq,GER PYME 1298
1299,43,006,DIR SEG PEQUEÑA,GZ Reactivac-Peq,GER PYME 1299
1301,01,004,DIR SEG EMPRESARIAL,GZ Btá 2A - Emp,GER EMPRESARIA 1301
1309,03,005,DIR SEG CORP - INST,GZ Infr RecNat-Corp,GER CORPORATIV 1309
1310,01,001,DIR SEG EMPRESARIAL,GZ Btá 3 - Emp,GER EMPRESARIA 1310
1317,43,001,DIR SEG PEQUEÑA,GZ Btá 1 - Peq,GER PYME 1317
1318,43,001,DIR SEG PEQUEÑA,GZ Btá 1 - Peq,GER PYME 1318
1319,43,007,DIR SEG PEQUEÑA,GZ Semill Btá - Peq,GER PYME 1319
1320,43,006,DIR SEG PEQUEÑA,GZ Reactivac-Peq,GER PYME 1320
1321,43,007,DIR SEG PEQUEÑA,GZ Semill Btá - Peq,GER PYME 1321
1322,43,007,DIR SEG PEQUEÑA,GZ Semill Btá - Peq,GER PYME 1322
1323,43,002,DIR SEG PEQUEÑA,GZ Btá 2 - Peq,GER PYME 1323
1324,43,007,DIR SEG PEQUEÑA,GZ Semill Btá - Peq,GER PYME 1324
1325,43,006,DIR SEG PEQUEÑA,GZ Reactivac-Peq,GER PYME 1325
1326,43,008,DIR SEG PEQUEÑA,GZ Semill Reg-Peq,GER PYME 1326
1327,43,001,DIR SEG PEQUEÑA,GZ Btá 1 - Peq,GER PYME 1327
1328,43,007,DIR SEG PEQUEÑA,GZ Semill Btá - Peq,GER PYME 1328
1339,01,009,DIR SEG EMPRESARIAL,GZ Oriente - Emp,GER EMPRESARIA 1339
1340,17,007,DIR SEG MEDIANA,GZ Antioquia - Med,GER PYME 1340
1365,43,005,DIR SEG PEQUEÑA,GZ Occidente - Peq,GER PYME 1365
1368,17,008,DIR SEG MEDIANA,GZ Occidente - Med,GER PYME 1368
1373,17,005,DIR SEG MEDIANA,GZ Ororiente- Med,GER PYME 1373
1375,17,006,DIR SEG MEDIANA,GZ Costa - Med,GER PYME 1375
1385,01,006,DIR SEG EMPRESARIAL,GZ Costa - Emp,GER EMPRESARIA 1385
1395,03,002,DIR SEG CORP - INST,GZ Cio y Manuf-Corp,GER CORPORATIV 1395
1409,03,001,DIR SEG CORP - INST,GZ Agroind-Corp,GER CORPORATIV 1409
1411,35,001,DIR SEG OFICIAL,GZ Antioq - Ofic,G.OFICIAL 1411
1418,43,001,DIR SEG PEQUEÑA,GZ Btá 1 - Peq,GER PYME 1418
1424,03,004,DIR SEG CORP - INST,GZ Fro Instit-Inst,GER INSTITUC 1424
1439,03,001,DIR SEG CORP - INST,GZ Agroind-Corp,GER CORPORATIV 1439
1482,01,004,DIR SEG EMPRESARIAL,GZ Btá 2A - Emp,GER EMPRESARIA 1482
1483,35,001,DIR SEG OFICIAL,GZ Antioq - Ofic,G.OFICIAL 1483
1502,17,008,DIR SEG MEDIANA,GZ Occidente - Med,GER PYME 1502
1509,17,007,DIR SEG MEDIANA,GZ Antioquia - Med,GER PYME 1509
1515,17,008,DIR SEG MEDIANA,GZ Occidente - Med,GER PYME 1515
1517,17,001,DIR SEG MEDIANA,GZ Btá 3 - Med,GER PYME 1517
1522,35,004,DIR SEG OFICIAL,GZ Central - Ofic,G.OFICIAL 1522
1523,17,003,DIR SEG MEDIANA,GZ Btá Centro - Med,GER PYME 1523
1527,43,004,DIR SEG PEQUEÑA,GZ Antioquia - Peq,GER PYME 1527
1533,35,004,DIR SEG OFICIAL,GZ Central - Ofic,G.OFICIAL 1533
1547,43,007,DIR SEG PEQUEÑA,GZ Semill Btá - Peq,GER PYME 1457
1557,43,006,DIR SEG PEQUEÑA,GZ Reactivac-Peq,GER PYME 1557
1569,43,007,DIR SEG PEQUEÑA,GZ Semill Btá - Peq,GER PYME 1569
1573,03,001,DIR SEG CORP - INST,GZ Agroind-Corp,GER CORPORATIV 1573
1590,43,001,DIR SEG PEQUEÑA,GZ Btá 1 - Peq,GER PYME 1590
1591,43,002,DIR SEG PEQUEÑA,GZ Btá 2 - Peq,GER PYME 1591
1594,43,001,DIR SEG PEQUEÑA,GZ Btá 1 - Peq,GER PYME 1594
1642,43,001,DIR SEG PEQUEÑA,GZ Btá 1 - Peq,GER PYME 1642
1661,17,001,DIR SEG MEDIANA,GZ Btá 3 - Med,GER PYME 1661
1685,17,003,DIR SEG MEDIANA,GZ Btá Centro - Med,GER PYME 1685
1689,43,002,DIR SEG PEQUEÑA,GZ Btá 2 - Peq,GER PYME 1689
1690,17,001,DIR SEG MEDIANA,GZ Btá 3 - Med,GER PYME 1690
1698,01,001,DIR SEG EMPRESARIAL,GZ Btá 3 - Emp,GER EMPRESARIA 1698
1709,03,002,DIR SEG CORP - INST,GZ Cio y Manuf-Corp,GER CORPORATIV 1709
1710,17,010,DIR SEG MEDIANA,GZ Construct - Med,GER PYME 1710
1711,01,002,DIR SEG EMPRESARIAL,GZ Antioquia - Emp,GER EMPRESARIA 1711
1712,01,007,DIR SEG EMPRESARIAL,GZ Antioq Eje-Emp,GER EMPRESARIA 1712
1714,03,006,DIR SEG CORP - INST,GZ Ss No Fros-Corp,GER CORPORATIV 1714
1717,03,002,DIR SEG CORP - INST,GZ Cio y Manuf-Corp,GER CORPORATIV 1717
1718,03,004,DIR SEG CORP - INST,GZ Fro Instit-Inst,GER INSTITUC 1718
1719,01,002,DIR SEG EMPRESARIAL,GZ Antioquia - Emp,GER EMPRESARIA 1719
1721,03,006,DIR SEG CORP - INST,GZ Ss No Fros-Corp,GER CORPORATIV 1721
1722,03,005,DIR SEG CORP - INST,GZ Infr RecNat-Corp,GER CORPORATIV 1722
1725,03,002,DIR SEG CORP - INST,GZ Cio y Manuf-Corp,GER CORPORATIV 1725
1726,03,004,DIR SEG CORP - INST,GZ Fro Instit-Inst,GER INSTITUC 1726
1729,01,001,DIR SEG EMPRESARIAL,GZ Btá 3 - Emp,GER EMPRESARIA 1729
1730,01,003,DIR SEG EMPRESARIAL,GZ Btá 1 - Emp,GER EMPRESARIA 1730
1731,03,002,DIR SEG CORP - INST,GZ Cio y Manuf-Corp,GER CORPORATIV 1731
1732,03,006,DIR SEG CORP - INST,GZ Ss No Fros-Corp,GER CORPORATIV 1732
1733,01,003,DIR SEG EMPRESARIAL,GZ Btá 1 - Emp,GER EMPRESARIA 1733
1735,03,006,DIR SEG CORP - INST,GZ Ss No Fros-Corp,GER CORPORATIV 1735
1736,01,004,DIR SEG EMPRESARIAL,GZ Btá 2A - Emp,GER EMPRESARIA 1736
1737,01,001,DIR SEG EMPRESARIAL,GZ Btá 3 - Emp,GER EMPRESARIA 1737
1738,03,005,DIR SEG CORP - INST,GZ Infr RecNat-Corp,GER CORPORATIV 1738
1739,01,006,DIR SEG EMPRESARIAL,GZ Costa - Emp,GER EMPRESARIA 1739
1740,01,006,DIR SEG EMPRESARIAL,GZ Costa - Emp,GER EMPRESARIA 1740
1742,03,002,DIR SEG CORP - INST,GZ Cio y Manuf-Corp,GER CORPORATIV 1742
1743,01,008,DIR SEG EMPRESARIAL,GZ Occidente - Emp,GER EMPRESARIA 1743
1744,01,008,DIR SEG EMPRESARIAL,GZ Occidente - Emp,GER EMPRESARIA 1744
1747,03,005,DIR SEG CORP - INST,GZ Infr RecNat-Corp,GER CORPORATIV 1747
1748,17,010,DIR SEG MEDIANA,GZ Construct - Med,GER PYME 1748
1749,35,004,DIR SEG OFICIAL,GZ Central - Ofic,G.OFICIAL 1749
1751,01,002,DIR SEG EMPRESARIAL,GZ Antioquia - Emp,GER EMPRESARIA 1751
1759,01,010,DIR SEG EMPRESARIAL,NORMALIZ,GCIA EMPR NORMALIZ
1761,03,007,DIR SEG CORP - INST,NORMALIZ,GER CORP NORMALIZA
1763,17,002,DIR SEG MEDIANA,GZ Btá 4 - Med,GER PYME 1763
1764,03,002,DIR SEG CORP - INST,GZ Cio y Manuf-Corp,GER CORPORATIV 1764
1765,35,003,DIR SEG OFICIAL,GZ Occidente - Ofic,G. OFICIAL 1765
1766,01,004,DIR SEG EMPRESARIAL,GZ Btá 2A - Emp,GER EMPRESARIA 1766
1774,17,010,DIR SEG MEDIANA,GZ Construct - Med,GER PYME 1774
1776,01,005,DIR SEG EMPRESARIAL,GZ Btá 2B - Emp,GER EMPRESARIA 1776
1779,03,005,DIR SEG CORP - INST,GZ Infr RecNat-Corp,GER CORPORATIV 1779
1782,03,004,DIR SEG CORP - INST,GZ Fro Instit-Inst,GER INSTITUC 1782
1783,03,004,DIR SEG CORP - INST,GZ Fro Instit-Inst,GER INSTITUC 1783
1784,03,003,DIR SEG CORP - INST,GZ Const Inmob-Corp,GER CORPORATIV 1784
1786,03,001,DIR SEG CORP - INST,GZ Agroind-Corp,GER CORPORATIV 1786
1797,17,006,DIR SEG MEDIANA,GZ Costa - Med,GER PYME 1797
1831,03,003,DIR SEG CORP - INST,GZ Const Inmob-Corp,GER CORPORATIV 1831
1832,01,008,DIR SEG EMPRESARIAL,GZ Occidente - Emp,GER EMPRESARIA 1832
1838,35,002,DIR SEG OFICIAL,GZ Costa - Ofic,G.OFICIAL 1838
1839,35,004,DIR SEG OFICIAL,GZ Central - Ofic,G.OFICIAL 1839
1840,35,005,DIR SEG OFICIAL,GZ Oriente - Ofic,G.OFICIAL 1840
1841,35,005,DIR SEG OFICIAL,GZ Oriente - Ofic,G.OFICIAL 1841
1874,43,008,DIR SEG PEQUEÑA,GZ Semill Reg-Peq,GER PYME 1874
1875,17,006,DIR SEG MEDIANA,GZ Costa - Med,GER PYME 1875
1876,17,006,DIR SEG MEDIANA,GZ Costa - Med,GER PYME 1876
1878,43,006,DIR SEG PEQUEÑA,GZ Reactivac-Peq,GER PYME 1878
1879,17,005,DIR SEG MEDIANA,GZ Ororiente- Med,GER PYME 1879
1880,43,005,DIR SEG PEQUEÑA,GZ Occidente - Peq,GER PYME 1880
1881,43,006,DIR SEG PEQUEÑA,GZ Reactivac-Peq,GER PYME 1881
1882,43,008,DIR SEG PEQUEÑA,GZ Semill Reg-Peq,GER PYME 1882
1883,43,008,DIR SEG PEQUEÑA,GZ Semill Reg-Peq,GER PYME 1883
1884,43,005,DIR SEG PEQUEÑA,GZ Occidente - Peq,GER PYME 1884
1885,43,004,DIR SEG PEQUEÑA,GZ Antioquia - Peq,GER PYME 1885
1886,43,008,DIR SEG PEQUEÑA,GZ Semill Reg-Peq,GER PYME 1886
1887,43,004,DIR SEG PEQUEÑA,GZ Antioquia - Peq,GER PYME 1887
1888,43,008,DIR SEG PEQUEÑA,GZ Semill Reg-Peq,GER PYME 1888
1889,43,004,DIR SEG PEQUEÑA,GZ Antioquia - Peq,GER PYME 1889
1909,43,007,DIR SEG PEQUEÑA,GZ Semill Btá - Peq,GER PYME 1909
1925,43,001,DIR SEG PEQUEÑA,GZ Btá 1 - Peq,GER PYME 1925
1926,43,003,DIR SEG PEQUEÑA,GZ Btá Sabana - Peq,GER PYME 1926
1929,43,005,DIR SEG PEQUEÑA,GZ Occidente - Peq,GER PYME 1929
1930,43,006,DIR SEG PEQUEÑA,GZ Reactivac-Peq,GER PYME 1930
1932,43,005,DIR SEG PEQUEÑA,GZ Occidente - Peq,GER PYME 1932
1933,17,008,DIR SEG MEDIANA,GZ Occidente - Med,GER PYME 1933
1938,43,008,DIR SEG PEQUEÑA,GZ Semill Reg-Peq,GER PYME 1938
1947,17,003,DIR SEG MEDIANA,GZ Btá Centro - Med,GER PYME 1947
1950,17,004,DIR SEG MEDIANA,GZ Nororiente- Med,GER PYME 1950
1954,17,010,DIR SEG MEDIANA,GZ Construct - Med,GER PYME 1954
1955,17,006,DIR SEG MEDIANA,GZ Costa - Med,GER PYME 1955
1963,43,003,DIR SEG PEQUEÑA,GZ Btá Sabana - Peq,GER PYME 1963
2014,43,003,DIR SEG PEQUEÑA,GZ Btá Sabana - Peq,GER PYME 2014
2015,01,004,DIR SEG EMPRESARIAL,GZ Btá 2A - Emp,GER EMPRESARIA 2015
2016,17,007,DIR SEG MEDIANA,GZ Antioquia - Med,GER PYME 2016
2017,17,006,DIR SEG MEDIANA,GZ Costa - Med,GER PYME 2017
2018,43,004,DIR SEG PEQUEÑA,GZ Antioquia - Peq,GER PYME 2018
2019,43,004,DIR SEG PEQUEÑA,GZ Antioquia - Peq,GER PYME 2019
2021,43,002,DIR SEG PEQUEÑA,GZ Btá 2 - Peq,GER PYME 2021
2022,43,003,DIR SEG PEQUEÑA,GZ Btá Sabana - Peq,GER PYME 2022
2023,17,007,DIR SEG MEDIANA,GZ Antioquia - Med,GER PYME 2023
2024,43,002,DIR SEG PEQUEÑA,GZ Btá 2 - Peq,GER PYME 2024
2027,43,003,DIR SEG PEQUEÑA,GZ Btá Sabana - Peq,GER PYME 2027
2028,17,003,DIR SEG MEDIANA,GZ Btá Centro - Med,GER PYME 2028
2029,17,004,DIR SEG MEDIANA,GZ Nororiente- Med,GER PYME 2029
2031,17,004,DIR SEG MEDIANA,GZ Nororiente- Med,GER PYME 2031
2033,17,004,DIR SEG MEDIANA,GZ Nororiente- Med,GER PYME 2033
2035,17,005,DIR SEG MEDIANA,GZ Ororiente- Med,GER PYME 2035
2036,35,001,DIR SEG OFICIAL,GZ Antioq - Ofic,G.OFICIAL 2036
2037,35,001,DIR SEG OFICIAL,GZ Antioq - Ofic,G.OFICIAL 2037
2038,35,001,DIR SEG OFICIAL,GZ Antioq - Ofic,G.OFICIAL 2038
2039,35,004,DIR SEG OFICIAL,GZ Central - Ofic,G.OFICIAL 2039
2040,35,004,DIR SEG OFICIAL,GZ Central - Ofic,G.OFICIAL 2040
2041,35,002,DIR SEG OFICIAL,GZ Costa - Ofic,G.OFICIAL 2041
2042,35,002,DIR SEG OFICIAL,GZ Costa - Ofic,G.OFICIAL 2042
2043,35,002,DIR SEG OFICIAL,GZ Costa - Ofic,G.OFICIAL 2043
2044,35,002,DIR SEG OFICIAL,GZ Costa - Ofic,G.OFICIAL 2044
2045,35,002,DIR SEG OFICIAL,GZ Costa - Ofic,G.OFICIAL 2045
2046,35,005,DIR SEG OFICIAL,GZ Oriente - Ofic,G.OFICIAL 2046
2047,35,005,DIR SEG OFICIAL,GZ Oriente - Ofic,G.OFICIAL 2047
2048,35,005,DIR SEG OFICIAL,GZ Oriente - Ofic,G.OFICIAL 2048
2049,35,005,DIR SEG OFICIAL,GZ Oriente - Ofic,G.OFICIAL 2049
2050,35,003,DIR SEG OFICIAL,GZ Occidente - Ofic,G.OFICIAL 2050
2051,35,003,DIR SEG OFICIAL,GZ Occidente - Ofic,G.OFICIAL 2051
2052,35,003,DIR SEG OFICIAL,GZ Occidente - Ofic,G.OFICIAL 2052
2056,17,005,DIR SEG MEDIANA,GZ Ororiente- Med,GER PYME 2056
2059,35,003,DIR SEG OFICIAL,GZ Occidente - Ofic,G.OFICIAL 2059
2069,35,001,DIR SEG OFICIAL,GZ Antioq - Ofic,G.OFICIAL 2069
9799,09,009,DIRECCION GENERAL,DIR SEG PEQUEÑA,GZ Btá 1 - Peq
9800,09,009,DIRECCION GENERAL,DIR SEG PEQUEÑA,GZ Semill Btá - Peq
9802,09,009,DIRECCION GENERAL,DIR SEG PEQUEÑA,GZ Semill Reg - Peq
9803,09,009,DIRECCION GENERAL,DIR SEG PEQUEÑA,GZ Occidente - Peq
9874,43,001,PYME,DIR SEG PEQUEÑA,GZ Antioquia - Peq
9876,43,003,PYME,DIR SEG PEQUEÑA,GZ Btá Sabana - Peq
9888,43,007,PYME,DIR SEG PEQUEÑA,GZ Reactivación-Peq
9092,09,009,DIRECCION GENERAL,DIR SEG MEDIANA,GZ Btá 4 - Med
9093,09,009,DIRECCION GENERAL,DIR SEG MEDIANA,GZ Btá 3 - Med
9094,09,009,DIRECCION GENERAL,DIR SEG MEDIANA,GZ Btá Centro - Med
9095,09,009,DIRECCION GENERAL,DIR SEG MEDIANA,GZ Oriente- Med
9873,17,010,PYME,DIR SEG MEDIANA,GZ Constructo - Med
9875,17,006,PYME,DIR SEG MEDIANA,GZ Occidente - Med
9877,17,005,PYME,DIR SEG MEDIANA,GZ Oriente - Med
9887,17,005,PYME,DIR SEG MEDIANA,GZ Costa - Med
9796,09,009,DIRECCION GENERAL,DIR SEG MEDIANA,GZ Antioquia - Med
1032,15,001,EMPRESARIAL,DIR SEG EMPRESARIAL,GZ Btá 2A - Emp
9097,09,009,DIRECCION GENERAL,DIR SEG EMPRESARIAL,GZ Costa - Emp
9098,09,009,DIRECCION GENERAL,DIR SEG EMPRESARIAL,GZ Antioq Eje - Emp
9099,09,009,DIRECCION GENERAL,DIR SEG EMPRESARIAL,GZ Btá 2B - Emp
9172,09,009,DIRECCION GENERAL,DIR SEG EMPRESARIAL,GZ Antioquia - Emp
9173,09,009,DIRECCION GENERAL,DIR SEG EMPRESARIAL,GZ Occidente - Emp
9963,01,001,EMPRESARIAL,DIR SEG EMPRESARIAL,GZ Btá 3 - Emp
9966,40,001,EMPRESARIAL,DIR SEG EMPRESARIAL,GZ Btá 1 - Emp
9971,39,001,EMPRESARIAL,DIR SEG EMPRESARIAL,GZ Oriente - Emp
9144,09,009,DIRECCION GENERAL,DIR SEG CORP - INST,GZ Ss No Fros-Corp
9145,09,009,DIRECCION GENERAL,DIR SEG CORP - INST,GZ Agroind-Corp
9729,10,000,CORP - INST,DIR SEG CORP - INST,GZ Fro Instit-Inst
9964,03,002,CORP - INST,DIR SEG CORP - INST,GZ Cio y Manuf-Corp
9970,13,001,CORP - INST,DIR SEG CORP - INST,GZ Infr Rec Nat-Cor
9877,09,001,CORP - INST,DIR SEG CORP - INST,GZ Const Inmob-Corp
9838,35,000,SEGMENTO OFICIAL,DIR SEG OFICIAL,GZ Antioqui-Oficial
9839,35,000,SEGMENTO OFICIAL,DIR SEG OFICIAL,GZ Central - Oficia
9840,35,000,SEGMENTO OFICIAL,DIR SEG OFICIAL,GZ Costa - Oficial
9973,10,002,SEGMENTO OFICIAL,VICE BANCA EMPRESAS,DIR SEG OFICIAL
9841,35,000,SEGMENTO OFICIAL,DIR SEG OFICIAL,GZ Oriente - Oficia
9143,09,009,DIRECCION GENERAL,VICE BANCA EMPRESAS,DIR SEG CORP - INST
9171,09,009,DIRECCION GENERAL,VICE BANCA EMPRESAS,DIR SEG EMPRESARIAL
9798,09,009,DIRECCION GENERAL,PYME,DIR SEG PEQUEÑA
9089,09,009,DIRECCION GENERAL,PYME,DIR SEG MEDIANA
9003,09,009,DIRECCION GENERAL,VICE BANCA EMPRESAS,PYME
9842,35,000,SEGMENTO OFICIAL,DIR SEG OFICIAL,GZ Occidente-Oficia
1031,43,001,DIR SEG PEQUEÑA,GZ Btá 1 - Peq,GER PYME 1033
1636,43,008,DIR SEG PEQUEÑA,GZ Semill Reg-Peq,GER PYME 1537
1473,03,002,DIR SEG CORP - INST,GZ Infr RecNat-Corp,GER CORP NO GEST
1438,43,005,DIR SEG PEQUEÑA,GZ Occidente - Peq,GER PYME 1741
1637,03,003,DIR SEG CORP - INST,GZ Const Inmob-Corp,AMARILO             
1474,03,004,DIR SEG CORP - INST,GZ Fro Instit-Inst,GCIA  FED NAC CAF
,,,,,
,,,,,
,,,,,
,,,,,
,,,,,
,,,,,
,,,,,
,,,,,
,,,,,
,,,,,
,,,,,
,,,,,
,,,,,
,,,,,
,,,,,
,,,,,
,,,,,
,,,,,
,,,,,
,,,,,
,,,,,
,,,,,
,,,,,
